ID,Target
ID_nNUszvhL,0
ID_HbooJGwk,0
ID_WMxavljL,0
ID_pldWaUHs,0
ID_gjCwdavy,0
ID_AfHbEHtt,0
ID_igznpnkh,0
ID_splVVsWl,0
ID_hFMjpITi,0
ID_BXfmbTES,0
ID_GUQQXFnJ,0
ID_QscizsLC,0
ID_XGvjpQqe,0
ID_iUtRKhIn,0
ID_GFPcgvdW,0
ID_GBhbflAW,0
ID_eOyKaOVD,0
ID_ljtqcLui,0
ID_afTPGaTY,0
ID_RNHtTpLt,0
ID_oeiAkVNq,0
ID_CVkrXMqa,0
ID_UzyqqWFZ,0
ID_mSogRuJh,0
ID_QvvVzSGQ,0
ID_XofqXTdK,0
ID_njliNAKE,0
ID_ojlKjnnO,0
ID_sIrmdQUS,0
ID_gLHtoYSv,0
ID_ufdlFdBj,0
ID_PRZvqPHO,0
ID_VvbUvwgw,0
ID_ZpMApMdA,0
ID_yrBvgosB,0
ID_XiStgdzw,0
ID_HFBkYzhj,0
ID_tGBqiDgd,0
ID_QVcxWAWd,0
ID_DnXGUezG,0
ID_bcpqXFrf,0
ID_cwlAEYFW,0
ID_sBSuFizt,0
ID_WXTnlzQI,0
ID_MewRNbCS,0
ID_kmEzpRuy,0
ID_bDtWjkRX,0
ID_UzwUOXgc,0
ID_dZKFgfeY,0
ID_YKGnJQZu,0
ID_ZUzcgDrT,0
ID_dXVkjcRx,0
ID_TFYIjPzQ,0
ID_NmhdmjaD,0
ID_sVjFXOJA,0
ID_CTHCMcUs,0
ID_lTmvCFvM,0
ID_LnjnMGQT,0
ID_luHqSYDH,0
ID_KDMCnDbh,0
ID_hWXMxuLm,0
ID_fnfpjgxe,0
ID_tOekXRky,0
ID_flmktqhp,0
ID_zQHfsZfU,0
ID_SZsXtxWN,0
ID_gnNGWRCl,0
ID_zODxGfpO,0
ID_wlyGprQJ,0
ID_jetPHmwK,0
ID_HDBOEVAQ,0
ID_NMtmTkkU,0
ID_MeNGnLYr,0
ID_pnlWQEOW,0
ID_lswPBlcT,0
ID_tfssnqeF,0
ID_zvwbTrLw,0
ID_ohOaEyLJ,0
ID_XjeemxZa,0
ID_WqhMQnVW,0
ID_vhlmpCoB,0
ID_PLAlkiGU,0
ID_TiNHtOhu,0
ID_BJrpDYTT,0
ID_oHtklmLq,0
ID_BLJnQlYn,0
ID_wGJyHWqJ,0
ID_paPqgIwm,0
ID_PRPGrblS,0
ID_kezaAXpo,0
ID_dUKXHnBx,0
ID_yJDqkGFv,0
ID_WaMGgnSh,0
ID_nWrgLGST,0
ID_ZicTqoZl,0
ID_HqJWsUdZ,0
ID_VUijckLI,0
ID_CADgryxA,0
ID_HSHOutSE,0
ID_KPLcHRpw,0
ID_IGTAsbWs,0
ID_kOzULPIn,0
ID_xqFxbCxa,0
ID_IUhctChU,0
ID_awcJhejv,0
ID_majVDNVx,0
ID_SFisMwAk,0
ID_FhsabGAe,0
ID_uCskMJuE,0
ID_fvvkMKdp,0
ID_AuLUXvri,0
ID_ZdBEqLoP,0
ID_lptpwUua,0
ID_VZuLpGEv,0
ID_oSHlUeNy,0
ID_KnYbXyKT,0
ID_FyBQVUwH,0
ID_syyuHUTb,0
ID_SaGViCGO,0
ID_fmfqXWSL,0
ID_cpyyctJq,0
ID_hoPqzJyF,0
ID_IVxXSIYV,0
ID_RLysyeCO,0
ID_NtZnWavI,0
ID_YMKVUEZF,0
ID_wbgoPOpK,0
ID_GrRwmiKi,0
ID_GumRcQNd,0
ID_zDsoRjGT,0
ID_qBnOLPgr,0
ID_tAZNyfMm,0
ID_DVSTDpsk,0
ID_JGLpYtWw,0
ID_qwxoFCMO,0
ID_gIWqThED,0
ID_fnkudEjf,0
ID_YUXISGRz,0
ID_KRMiEWUC,0
ID_xvLOdFzV,0
ID_bVetAUlp,0
ID_tilgSwAv,0
ID_rQYoVPsv,0
ID_kaDnjUWi,0
ID_lElKsknS,0
ID_vPeGVPND,0
ID_oPMvvWkL,0
ID_YEELrlPj,0
ID_UKYvAspr,0
ID_aMMHXeuX,0
ID_ApcetDLk,0
ID_xJCYThmI,0
ID_SRpbNpZL,0
ID_qYwMDLDn,0
ID_dYtcWjIs,0
ID_LoJHPmvN,0
ID_OxgqPjwt,0
ID_vTgBDVoX,0
ID_jEiMFrqz,0
ID_CNCVmQRJ,0
ID_FgNwUyci,0
ID_udfqSuTL,0
ID_iulcAHsA,0
ID_xjQBmjXW,0
ID_ddzgLrsF,0
ID_VBBPShus,0
ID_AbaZhDGl,0
ID_YtZcpPhy,0
ID_hSBEdyfr,0
ID_LXzCWNkt,0
ID_jbXFXPAj,0
ID_tqPghZGv,0
ID_dcHmjWjb,0
ID_aOSQYrRq,0
ID_KsyquLaQ,0
ID_uOXhcjnW,0
ID_ysSsSbib,0
ID_mIHBQMQU,0
ID_lgyuHxBD,0
ID_RrcLdiSV,0
ID_WywqgxSx,0
ID_vIrPZKiD,0
ID_SkzfxEVK,0
ID_AyfLqiHL,0
ID_dwFDhbAu,0
ID_mmzLXAkZ,0
ID_vgJofMHv,0
ID_aAqalmak,0
ID_OEpROgWX,0
ID_VaVLxftb,0
ID_RPzNSDkf,0
ID_TRDXghpO,0
ID_SoCbaYMP,0
ID_GqmmjyXT,0
ID_BqDnDCbB,0
ID_TlSeDqLQ,0
ID_wMKkGsMA,0
ID_ZHEZiWVW,0
ID_AnKViCZk,0
ID_OPsNzFCg,0
ID_jEpwNYSI,0
ID_XtkzDhbo,0
ID_oOONieWU,0
ID_ObnJKOmC,0
ID_LZpBtGTn,0
ID_zvdrMNQN,0
ID_qkQPEfzV,0
ID_mYAVBTHy,0
ID_zpNICgAi,0
ID_mSunqXWH,0
ID_BcwDHWDC,0
ID_SvbYeYwL,0
ID_ftLmXJRq,0
ID_ESwTWkVi,0
ID_bseWNXpS,0
ID_cynuPpyr,0
ID_BZRPYKWP,0
ID_kjzsmOid,0
ID_pdTVRSIC,0
ID_mTygkHFA,0
ID_MdONLgLR,0
ID_gqbSstSE,0
ID_mAtsdccH,0
ID_PfDtTYwg,0
ID_XxYieNvf,0
ID_CYTRWyCc,0
ID_kgpmqOBR,0
ID_tqwMzxhp,0
ID_keyszlTi,0
ID_WCyZILnb,0
ID_MtlTErPT,0
ID_luBlwLuh,0
ID_eldxUUIU,0
ID_YxCWbnFR,0
ID_MvKYItZU,0
ID_yKCaBkht,0
ID_UCdIoVQl,0
ID_ZnkBRoGS,0
ID_NZBIcKwO,0
ID_eRVljaMe,0
ID_VNJbsTDq,0
ID_uXozuKCp,0
ID_SNRgyugG,0
ID_kjEPgXsc,0
ID_pvPAxoJQ,0
ID_SzQFgcdo,0
ID_bNdmyzCN,0
ID_QrKxQBuU,0
ID_BSDgqJfh,0
ID_ORdQJqZm,0
ID_rYCjipjS,0
ID_cdtGWoWz,0
ID_tzWxBLNk,0
ID_fknnggJJ,0
ID_uEtVMPiy,0
ID_ZjtAeKyZ,0
ID_vZJGSNfr,0
ID_HqBjGTlC,0
ID_ZZCabeDk,0
ID_edmJLeSv,0
ID_UfiDLOUn,0
ID_MysRUIOl,0
ID_MSPDpDJj,0
ID_VNNCkBMu,0
ID_CJBNUqzu,0
ID_urURRDmB,0
ID_YtuNzbJo,0
ID_HcTIdkRF,0
ID_LFedqSKR,0
ID_MkgJkhai,0
ID_OdANAZcd,0
ID_cravoowC,0
ID_wkazydSf,0
ID_QUyUQMNN,0
ID_Dzzrwkms,0
ID_PCuEndqS,0
ID_CXXVVFyM,0
ID_vBsNBSSs,0
ID_RLyjKhup,0
ID_OHHtCiOf,0
ID_KCajzRHl,0
ID_UmLNCvle,0
ID_BQyITGRe,0
ID_UcRGfwZx,0
ID_bCLwnjDe,0
ID_RAttPjAk,0
ID_vpdHebYk,0
ID_rXLGVUQq,0
ID_SzjNjsOH,0
ID_fHGpilab,0
ID_VGsQOKHf,0
ID_HYavAizu,0
ID_ODsffvvt,0
ID_RsSchYKm,0
ID_HxcpTCpq,0
ID_QGRqKDEg,0
ID_PAuYJkdn,0
ID_nMQdbJNj,0
ID_QmyNDNcC,0
ID_aGqKKsfI,0
ID_zfohBmeN,0
ID_IfpZADwn,0
ID_mZbLaJDp,0
ID_bujiKFIW,0
ID_YGMtQHGE,0
ID_XOTXFrIj,0
ID_UQniuIBj,0
ID_FZrqhGKN,0
ID_TBHOybDq,0
ID_lFcoyJVX,0
ID_TNxlOTwB,0
ID_PFVYCqXf,0
ID_KgyYrTpf,0
ID_GAFbFZIx,0
ID_njMGQZsR,0
ID_HNJiNsNk,0
ID_hUkpoPIL,0
ID_kakqAUqw,0
ID_CCtGHPpi,0
ID_UonAfIDn,0
ID_OruCLLoA,0
ID_fBKKUNjb,0
ID_LmojvLSF,0
ID_JknpEjbc,0
ID_JGEvAdRY,0
ID_HdDUngtf,0
ID_XtNuQPbX,0
ID_BycPDDMG,0
ID_jeAMpRpk,0
ID_DHBJAOFv,0
ID_eXrvKLZH,0
ID_qZupMYjY,0
ID_rZlSilll,0
ID_UKAGOAlC,0
ID_NZiAjNSX,0
ID_pZaoYOoH,0
ID_GLhhpiBI,0
ID_oKNPuwRA,0
ID_yfBmRGeA,0
ID_ExbhUuFY,0
ID_fEXbeLDQ,0
ID_xPWrdKtD,0
ID_aJITqkXH,0
ID_qKnImsnH,0
ID_DJSRTCPc,0
ID_qmQGgBrx,0
ID_nruugbYk,0
ID_PffeXbrj,0
ID_MgndZpPP,0
ID_mJYlcORo,0
ID_llinpKPr,0
ID_tFykyvqx,0
ID_tfwgmjag,0
ID_FNTvsXGM,0
ID_QYxyhFfl,0
ID_vXfPhTrW,0
ID_mszpjvNU,0
ID_xjkFxeUr,0
ID_jpoHQtZS,0
ID_mvCFAJbK,0
ID_dIdqabII,0
ID_qJnObibJ,0
ID_jhGaQkSn,0
ID_zVluwvKV,0
ID_znIueHiB,0
ID_zqrYegmz,0
ID_bQMlGgam,0
ID_qOoaaquW,0
ID_uRpUZoEn,0
ID_SgMgTPwf,0
ID_QuVVpMDl,0
ID_IclNUoNW,0
ID_GxJcutSY,0
ID_WNbjoZvM,0
ID_wYjhRTEx,0
ID_BKHMnyLk,0
ID_JaSAPMgK,0
ID_whVefyMS,0
ID_OEtbChUA,0
ID_CtHwjJfr,0
ID_FThNbeaV,0
ID_kMuMRUUi,0
ID_iqRhDeND,0
ID_UvefevTV,0
ID_PeywXPpm,0
ID_zhXtDHXi,0
ID_mjZlzsqI,0
ID_wxOgfvdZ,0
ID_bFAEmqyX,0
ID_rwwkMtkY,0
ID_uBLtBuZm,0
ID_HvatDhBy,0
ID_NBJlRckH,0
ID_yRhVdEgP,0
ID_icpAEyWd,0
ID_VZKKndZF,0
ID_XiicLzli,0
ID_AyXborpK,0
ID_GhxmJPyz,0
ID_NAYCrXMc,0
ID_lcGKgocj,0
ID_qxYbCszu,0
ID_oAOLRYel,0
ID_qavSaMAI,0
ID_GyOmSBIR,0
ID_oaITYZEr,0
ID_pGZyvuyb,0
ID_ipodUhzo,0
ID_EHzhLzng,0
ID_GnshdNBS,0
ID_IhzMCZDc,0
ID_XAMsihOY,0
ID_ONwbDVvZ,0
ID_muzOLpQv,0
ID_grGPgFWO,0
ID_ATFTNCCT,0
ID_INjIDbnh,0
ID_dQOHmUlh,0
ID_GaWWzyIl,0
ID_BRBoCxTE,0
ID_YDohAyda,0
ID_CfDFFiXW,0
ID_nxsleywe,0
ID_bSRdhkST,0
ID_SYCBUZNe,0
ID_VgXfaTTp,0
ID_PigvCkxa,0
ID_XKxfQxSa,0
ID_EcSVOEiS,0
ID_MyLNGenb,0
ID_WaLiLHYF,0
ID_Obkxjrxe,0
ID_BaGawlfc,0
ID_uvxAHXBC,0
ID_sBbyKdVU,0
ID_uierWwLj,0
ID_wkQdYJOp,0
ID_HNFQLnAx,0
ID_LMlnLKdZ,0
ID_QWIlAJvA,0
ID_DLybekWP,0
ID_tTaHXZjb,0
ID_CnkxdbOc,0
ID_GcRkHfvb,0
ID_gNFMBFoj,0
ID_VFMrbLTq,0
ID_zhEntaqr,0
ID_UnvNITcs,0
ID_brVoreKP,0
ID_GYENkVSB,0
ID_KrPvFVRr,0
ID_rMrWSbnn,0
ID_luKPkRIH,0
ID_WmIWEZyV,0
ID_SgTgfBOh,0
ID_NhstmDav,0
ID_BQbUhlmN,0
ID_LEXjXzPF,0
ID_GhhrGojM,0
ID_PrJDkNYU,0
ID_LnZwOHmD,0
ID_wKmPGZOJ,0
ID_sEVfevQF,0
ID_BzAZTIVZ,0
ID_qoNPpYUl,0
ID_odtsCABI,0
ID_HGFjvLEh,0
ID_ENimEUUx,0
ID_YINFKLez,0
ID_NuTGgBIZ,0
ID_Kjhpibcg,0
ID_Mfvzimbg,0
ID_uIKvJRqN,0
ID_JIexxAUj,0
ID_agHhKWbo,0
ID_qTwnrEHB,0
ID_AkEuLiOu,0
ID_mmRZVlPS,0
ID_fqwGzWzR,0
ID_MiVnSRet,0
ID_rzIhzkwa,0
ID_uKxhYXBL,0
ID_UafwgizG,0
ID_SztplZkU,0
ID_VXdMriZN,0
ID_rdcrnMLt,0
ID_yjEIJlZF,0
ID_dyRDlZtL,0
ID_vOtcscdi,0
ID_YJqbWMSH,0
ID_GFmEHenU,0
ID_lyxnDEkG,0
ID_KmDmhHQi,0
ID_AjeauSOT,0
ID_tBVslemZ,0
ID_luSvzLDn,0
ID_vaOdvXli,0
ID_MJjRuaFm,0
ID_cnZOJldc,0
ID_pmCsgQhf,0
ID_NfLBvuVe,0
ID_HLnoYCID,0
ID_OTlVpdif,0
ID_LLhOxaOK,0
ID_DNKhVpMj,0
ID_QETDlfqB,0
ID_CtjaQcDj,0
ID_YOjWiPlR,0
ID_fOxyfZmt,0
ID_GDWLPTWe,0
ID_SvYoutuo,0
ID_kUEJcDMl,0
ID_QBYeeZdP,0
ID_AmrnwoNR,0
ID_pVagKQHx,0
ID_bjVfSxFb,0
ID_ueVIOHNH,0
ID_TnaSVrPt,0
ID_jrDjYIed,0
ID_rFGfHABN,0
ID_WelwRUCq,0
ID_hGvedJjW,0
ID_rLyLtYOd,0
ID_PKZzaxbS,0
ID_HIqBRpjW,0
ID_ZxmClWuC,0
ID_MxJUTZbo,0
ID_oSNkyQhG,0
ID_dEwZnCPH,0
ID_TECqsNYz,0
ID_NiseTxKc,0
ID_omULvkwo,0
ID_RYYtCcEk,0
ID_YAcrhAyt,0
ID_qdvZkjut,0
ID_KlBaFaaW,0
ID_KOrAJVuW,0
ID_dmMkrgni,0
ID_nrdalMRn,0
ID_IHMMnRis,0
ID_SpyQhRAq,0
ID_WMFBywZn,0
ID_XlMMRcwe,0
ID_jUaONhgC,0
ID_oPbfLQFx,0
ID_iHmvlxyQ,0
ID_VwCgTuNF,0
ID_PvpzoKEx,0
ID_EQzxMLAz,0
ID_eXCAqyvN,0
ID_FixNfseA,0
ID_pZNvfHRU,0
ID_lCQvFxcC,0
ID_cBViimWf,0
ID_kMwWJEqr,0
ID_KTpZvHxQ,0
ID_FHHJsbwb,0
ID_bAYScjxP,0
ID_LdkesSLC,0
ID_oySRxPhB,0
ID_RtKhCkko,0
ID_XvfLIBcJ,0
ID_dNVofMvp,0
ID_CZEjfzjN,0
ID_OZydrgVF,0
ID_bkzjamot,0
ID_pFalbbzH,0
ID_AzilTksy,0
ID_khNfkAEG,0
ID_UnxTPkxF,0
ID_vadvnTns,0
ID_XVdjubOx,0
ID_AKMeAxnm,0
ID_mmuLTJqI,0
ID_jYLRfCjq,0
ID_bThfAjRk,0
ID_waZBjwKK,0
ID_xHkAlvPK,0
ID_INPgVKJy,0
ID_XMzRsDpj,0
ID_VWYcHWeJ,0
ID_RnSeRpyA,0
ID_pAHNJXco,0
ID_NxQvxUks,0
ID_LXCiRNwj,0
ID_ihYqgWWR,0
ID_vcGHHfzw,0
ID_CrDqOBmQ,0
ID_HJOGijKo,0
ID_RajNUXtQ,0
ID_UjXUuFxX,0
ID_XnDtHJTl,0
ID_WlvyYdln,0
ID_rKpcmOOU,0
ID_qlfTVUei,0
ID_eCeawgYL,0
ID_yyCffoWk,0
ID_HYviEDwb,0
ID_EeGNbiWg,0
ID_LXxZiBjk,0
ID_MnGqvIyx,0
ID_HPunZRnJ,0
ID_xrddRLCK,0
ID_YDDpidEG,0
ID_VzXfifuv,0
ID_CfAyWZxK,0
ID_FkmzCJwC,0
ID_eeXFKeLz,0
ID_PtoDIueX,0
ID_FvqBuSet,0
ID_ydANPJSr,0
ID_ztqrRseA,0
ID_kQClLnDl,0
ID_ugSiKZDj,0
ID_vGAbzIaw,0
ID_DjitYXRG,0
ID_pIuKmUBP,0
ID_nFaUeZXd,0
ID_czSTbblP,0
ID_pKLbqalf,0
ID_cVxKKRQY,0
ID_TXrVQvlX,0
ID_PbKcpCFt,0
ID_NlpgfSRa,0
ID_TcPLthcN,0
ID_ZcTeemIC,0
ID_gNVTwaLO,0
ID_usSuFoGa,0
ID_FdcgEVBp,0
ID_kiivSJcX,0
ID_amMJXZQy,0
ID_adKClUjn,0
ID_luANxywS,0
ID_DEhLnIJN,0
ID_BdhRPDMz,0
ID_nfyoADAW,0
ID_NOYlkizy,0
ID_ZyYQsEmw,0
ID_FdeEvXwY,0
ID_bgEqNpdc,0
ID_mMfuClbG,0
ID_DknGvwYT,0
ID_ZuawGnbY,0
ID_HdaiXEmL,0
ID_YmzCCNVi,0
ID_noKhsXMi,0
ID_CEowfPwd,0
ID_JjLfOAOw,0
ID_jGJzrsxy,0
ID_DjOCGveh,0
ID_ANaDIUKH,0
ID_XfihRehl,0
ID_JtmHuPby,0
ID_HvPotTGg,0
ID_tZaLlFSG,0
ID_CAGVLuWA,0
ID_IhuiaOVm,0
ID_RcIuDPNo,0
ID_DFBbxgCN,0
ID_jaKmmMDt,0
ID_ILjvdyBv,0
ID_BVWXoJUO,0
ID_qkoXZofe,0
ID_XeSBBUzs,0
ID_esIUDGKp,0
ID_wRRnUbCu,0
ID_sdTLuTJF,0
ID_sgVdMJAt,0
ID_pyRuqney,0
ID_YmsrsAVQ,0
ID_pfMExqlS,0
ID_HCVHqvxC,0
ID_SdYccobc,0
ID_sBJxJOMO,0
ID_PLtsVCrN,0
ID_OJObTvBP,0
ID_kwquWLGb,0
ID_wccNCqJK,0
ID_tpEsRDoU,0
ID_DWOFounv,0
ID_jdJIxhom,0
ID_fPoRhDXS,0
ID_ZKbFTYrm,0
ID_HRrfgdoK,0
ID_URjfvhIS,0
ID_twWkWyws,0
ID_kNTBzDAQ,0
ID_RKlZLWjH,0
ID_pwGDXVkF,0
ID_VtOiHYKY,0
ID_hDvbnoHJ,0
ID_XHnTxcEo,0
ID_mTJdOMDZ,0
ID_JpitQOhj,0
ID_xlygXgKh,0
ID_TsrvjLJo,0
ID_jDsmucTx,0
ID_ImUCufzd,0
ID_SfQVwzNd,0
ID_WecHRyXZ,0
ID_TgXSkrMX,0
ID_zZXGvUkR,0
ID_zHciqwZX,0
ID_KWuNXUSv,0
ID_dtbCwQhu,0
ID_XeTiefUu,0
ID_UpkFfmiM,0
ID_hgxxBKzq,0
ID_zINEtISA,0
ID_eqfaFfle,0
ID_UMSuRtHn,0
ID_cYgEHhwR,0
ID_YydkHAZm,0
ID_OSMurIms,0
ID_jtXODFOG,0
ID_teQhkCsa,0
ID_CxZKSDYU,0
ID_DxWBkaCw,0
ID_PmqYhVHq,0
ID_DalygHQT,0
ID_bxGPClby,0
ID_mitxCMbx,0
ID_AwKOmibF,0
ID_ieCsJSuK,0
ID_GrkVHZgF,0
ID_QGlzYqIa,0
ID_uifbuCiI,0
ID_UxypzKzQ,0
ID_LoWvqwWi,0
ID_KZlyQcWC,0
ID_ZnEOTrEu,0
ID_KUaMpfGQ,0
ID_imHUXQYF,0
ID_jhGIBzBj,0
ID_HwhZyAcP,0
ID_QqNbEoqK,0
ID_uNCgxBpw,0
ID_EwhDsdBK,0
ID_kDlWYaBa,0
ID_wvfaAHFN,0
ID_tRDPIiXL,0
ID_oCEPagoT,0
ID_MBVcxojt,0
ID_UAeiweqG,0
ID_aftrLIDc,0
ID_VqAfaliS,0
ID_iPPjsGQQ,0
ID_pDwyeqsn,0
ID_gYqTUGYK,0
ID_jquEgPcD,0
ID_NQIAVqRA,0
ID_rPteIhCn,0
ID_OUtsUNVu,0
ID_ZnTFprte,0
ID_Bpjtuawo,0
ID_buJBsrlx,0
ID_TOYTpkTe,0
ID_cMInbkPu,0
ID_ininAyKc,0
ID_BOomjThe,0
ID_aGXueSlR,0
ID_TBxKIfVG,0
ID_XrnhBVUt,0
ID_UoIActBS,0
ID_aKqHDLeC,0
ID_PWwTKKQg,0
ID_xEBlPkmB,0
ID_eKhPgMEE,0
ID_tEGsuAmr,0
ID_dbjeIMLE,0
ID_eEwJdanZ,0
ID_eOHuHdRT,0
ID_ckVgyQmX,0
ID_hGQkuKzd,0
ID_yiOnPRKU,0
ID_JWiMQUGt,0
ID_BkQGWsHr,0
ID_OdzUmITP,0
ID_vNKkMyzh,0
ID_XnYaqgJO,0
ID_SAnHUtvU,0
ID_nKZNQEPv,0
ID_dzqVxFmR,0
ID_QoPHJNxi,0
ID_FfexkktZ,0
ID_zqDMLbTd,0
ID_DjtQAUXz,0
ID_ejJvaNUX,0
ID_OqAqLCGU,0
ID_RdJNXvGA,0
ID_wAmNdiPV,0
ID_rcvmrQWv,0
ID_GziMkwcC,0
ID_ZsIHNiUo,0
ID_GtfXqofE,0
ID_EYCFciZP,0
ID_nzFJgXpz,0
ID_BpvHerRk,0
ID_hgcPzwTT,0
ID_KQHiCOqP,0
ID_JAnEwteF,0
ID_kkGaQvXb,0
ID_SBNQeEeo,0
ID_lbDDfwXi,0
ID_iMUMYfaF,0
ID_rgVJDiQN,0
ID_MqbRLkXm,0
ID_lIgzgzXB,0
ID_DwVUTuhR,0
ID_DbVxOWdb,0
ID_iwiEtdEb,0
ID_ENZDoaci,0
ID_WBBnKbPQ,0
ID_KNeJfVBb,0
ID_olNzbDnI,0
ID_TxisZkDr,0
ID_qhYBCAFm,0
ID_fnYpQLNB,0
ID_dqUNxwtz,0
ID_sepnXGFx,0
ID_IosaFFlz,0
ID_HWlkWIyX,0
ID_vKoslkoM,0
ID_tBHROqfe,0
ID_oJAqhJEz,0
ID_ZEBBvrgD,0
ID_dgdNgZKh,0
ID_UfjvMFZM,0
ID_fUaYgPkN,0
ID_BEsnmEso,0
ID_jtCmRWRe,0
ID_HiKljAOo,0
ID_DhQkfyTS,0
ID_NoFJpmYR,0
ID_LetlfFti,0
ID_jekrgess,0
ID_nwBUpLuG,0
ID_vjfwolVT,0
ID_iTIMZcpk,0
ID_mmyRVVDR,0
ID_FLaxJgqy,0
ID_yOQisPIl,0
ID_SBonzpVH,0
ID_eNgUAugw,0
ID_aMaoBbzo,0
ID_uKbqnhxt,0
ID_vhLwpreV,0
ID_cyaVwzNu,0
ID_zRtHHTDw,0
ID_mjuJrYQl,0
ID_AOEUTQNg,0
ID_tnGrNOuF,0
ID_JOVUXRgF,0
ID_olTvYXmy,0
ID_GRshRbqu,0
ID_MStdjtVm,0
ID_QHjHfzMh,0
ID_gvPATvxQ,0
ID_XlGlSKPW,0
ID_ImEMVZnj,0
ID_BQoQnGFU,0
ID_WEKRQiPI,0
ID_TdsKphjC,0
ID_UUseHPaw,0
ID_rTosqpoy,0
ID_ysCqFxtZ,0
ID_ptKZGjEG,0
ID_UtmAlmUY,0
ID_tDBpaHXz,0
ID_lBjIILVU,0
ID_cFUDEffP,0
ID_kJXtSROT,0
ID_vxzpwViA,0
ID_PXesZeyH,0
ID_pSUQOPIJ,0
ID_utZzpggu,0
ID_YTFrNdAO,0
ID_bthpyonf,0
ID_XrWiikKw,0
ID_RQRvLFIg,0
ID_wLuQckTx,0
ID_fRuzATSG,0
ID_VJdkXnoK,0
ID_wvpgMqUX,0
ID_bxxycYQF,0
ID_XxPXtmRv,0
ID_sUZeotTS,0
ID_sVLxRYox,0
ID_VlNnUxRo,0
ID_MEpUXAGg,0
ID_vhJEfQbp,0
ID_mxSwLYAn,0
ID_qMuKusLt,0
ID_zHWusJxt,0
ID_mjVvFCLQ,0
ID_keCZoELX,0
ID_ScxcFbUI,0
ID_HsQCIdPR,0
ID_MAUcwimX,0
ID_JEosriFs,0
ID_GrlaeSnO,0
ID_vDStRbhb,0
ID_zUnKVzGR,0
ID_drHykfZp,0
ID_yDOnHlmc,0
ID_EKbbGnMQ,0
ID_VMFoEHUI,0
ID_XCNhWzBe,0
ID_TgYlIheD,0
ID_dbNTmkGV,0
ID_XjBnvPDE,0
ID_GxEiJXWj,0
ID_FuQEdASP,0
ID_pVpFlRhB,0
ID_zbniiiUg,0
ID_vAoVXmmG,0
ID_HRFhEMcn,0
ID_JBFRdUhE,0
ID_oGkaHaHR,0
ID_eReyTZxc,0
ID_JvRDPNQd,0
ID_xGlhxole,0
ID_IdZbOiTt,0
ID_ufHOqpLK,0
ID_RZptPpOy,0
ID_mJtbvZiT,0
ID_NOzokNXd,0
ID_XFwDtiiZ,0
ID_AFFhTuyI,0
ID_pCVivHKe,0
ID_pCiEVjci,0
ID_PTmKsEfN,0
ID_OfVBeveG,0
ID_PgGevJMC,0
ID_MtAmClcs,0
ID_OVUiGbQD,0
ID_xwwZYayB,0
ID_tFkSyJoe,0
ID_HBMlnSRF,0
ID_OQYaIBWO,0
ID_LlYNnauR,0
ID_uZpQpDGp,0
ID_aUqZEQnd,0
ID_kaCddbgX,0
ID_tZpPzwpK,0
ID_EfXAgOmf,0
ID_HIDflQOd,0
ID_kouJxdZU,0
ID_OAUvacqC,0
ID_BjjoDjyA,0
ID_rpOVFlfN,0
ID_CxuStSmz,0
ID_cuGkHLXc,0
ID_ncJbOXKM,0
ID_JzqQMZDr,0
ID_EjxgjCKn,0
ID_AmKgUbaN,0
ID_LOdANVDu,0
ID_FqEkpcQE,0
ID_NkupegRa,0
ID_viljaolv,0
ID_WlpxlDOW,0
ID_hcVVAheh,0
ID_MrAMwyYb,0
ID_tmxPhtHQ,0
ID_IMbgzEDG,0
ID_DMnmZvNe,0
ID_quzzTtVH,0
ID_KxbWvydc,0
ID_yFUijmZA,0
ID_ApEClNdS,0
ID_gHPQkWOE,0
ID_RYPKNHJy,0
ID_zlGLHBJT,0
ID_uyKHJGeE,0
ID_lZvFMFVI,0
ID_nCipIFkp,0
ID_CBTNLYHF,0
ID_XtnhLiVd,0
ID_nnMwRfIm,0
ID_LKzxZNAK,0
ID_WWactmfK,0
ID_DKYmiRqx,0
ID_FSikKOFr,0
ID_ASkEBgiy,0
ID_RmnEJALU,0
ID_ttBMLJev,0
ID_bOPufBTh,0
ID_bucwSvoV,0
ID_jiNxLxwT,0
ID_NAZJkrXZ,0
ID_JtPcCloD,0
ID_GhZASAbP,0
ID_QvgHFZid,0
ID_mSieqACQ,0
ID_QuTsJtEe,0
ID_tUkNsnWO,0
ID_SnTLVbKl,0
ID_ounsiXhn,0
ID_LiHKnkym,0
ID_YFqgpoRx,0
ID_asjjGdkZ,0
ID_kaJcPwLu,0
ID_FoTCHXQe,0
ID_bJUDjzCh,0
ID_nKtsndJg,0
ID_SlRctBBS,0
ID_qtSNKhVZ,0
ID_MvWJRDWc,0
ID_AHZKhnUs,0
ID_gQEpOudt,0
ID_NklcFCPf,0
ID_kbUhASMg,0
ID_EeSwdYih,0
ID_pVMVjsnQ,0
ID_owKNjhXU,0
ID_enXwkbtL,0
ID_BwGIdFhD,0
ID_TNmISMBs,0
ID_ECTHgSYf,0
ID_WnwWvCtw,0
ID_nSeLIgbH,0
ID_liVlDwoU,0
ID_uCYTgNWU,0
ID_ZqDSzMby,0
ID_fpMiytJx,0
ID_pOuejmFm,0
ID_XdItIQhA,0
ID_bqNNfMaC,0
ID_ChkeVMfo,0
ID_Nqwktlex,0
ID_hnwPMmCO,0
ID_QsbkLgeX,0
ID_JgVTQknI,0
ID_hweIZGpZ,0
ID_TQpqxsqD,0
ID_KhKzEymB,0
ID_JWkRtien,0
ID_taQvCSCl,0
ID_MgeELszl,0
ID_PhkpUYZX,0
ID_iTOysucE,0
ID_VCLbZTjg,0
ID_lHxeFnyU,0
ID_jeYGyVAC,0
ID_meowogIo,0
ID_uhXWyoHH,0
ID_lJwVVprh,0
ID_iQMYpebQ,0
ID_mcdeQZNR,0
ID_UKSNTNTQ,0
ID_pyNYJdBD,0
ID_jZrozQPI,0
ID_ZDpdJozv,0
ID_YguVtKjI,0
ID_DXbylWfh,0
ID_rLwfvpvr,0
ID_IryVzpty,0
ID_mQokdaUM,0
ID_upEungVy,0
ID_TJpztVhl,0
ID_vUOHTrqE,0
ID_bxzoPyaC,0
ID_siRQzJKk,0
ID_GUxIYcNd,0
ID_brOmkGAX,0
ID_bkQuELsy,0
ID_HAmuwDzC,0
ID_SpgJCdjk,0
ID_duRUETMN,0
ID_BedwoJEn,0
ID_LqrmVPfT,0
ID_BPJBcMqm,0
ID_iOwZSbsD,0
ID_CKRYtpOA,0
ID_IsKOXdMZ,0
ID_wlgtheYt,0
ID_gMwfvZPI,0
ID_cSFQlEWs,0
ID_jVuFVsiw,0
ID_coiAxxJd,0
ID_HYBqAuxF,0
ID_VXeXhLoh,0
ID_MglxrEZj,0
ID_cyTOnDBS,0
ID_JJNOTXiV,0
ID_vCTFNlbo,0
ID_HAEPoOms,0
ID_QWRIxmDd,0
ID_SlFmKWLX,0
ID_SmXvGKox,0
ID_XnCrCaBJ,0
ID_OQiOnLvR,0
ID_BFQmZZGB,0
ID_dreodJKH,0
ID_HLZVOGVv,0
ID_BkwqlOhQ,0
ID_bwfYVrkA,0
ID_zMEcPbts,0
ID_tkHexnEC,0
ID_bUdEkWQt,0
ID_Hhqxzbfv,0
ID_ZCtmrEIP,0
ID_EMJpzeiu,0
ID_ZJkDGCcm,0
ID_CropwoKt,0
ID_wqdmkhXf,0
ID_YpsnJcgF,0
ID_fEuSYaXg,0
ID_tThShlQE,0
ID_pXOAycpZ,0
ID_DRTslvHV,0
ID_rZpWWCuq,0
ID_cwndUtof,0
ID_ivXNqsRG,0
ID_wHqYYnYT,0
ID_vREjJLAv,0
ID_yoNpsAVW,0
ID_YpPPywjf,0
ID_cHYRICrU,0
ID_eYUbQjAS,0
ID_wRhIVSoP,0
ID_RQvElndm,0
ID_HnACFFqZ,0
ID_XkzLmNvd,0
ID_MZaMokbC,0
ID_tBkjsBYo,0
ID_hVFOFoiE,0
ID_PVCyCUTJ,0
ID_iDmyHLBs,0
ID_DFdFGdTV,0
ID_HetGfvTd,0
ID_uTPalonH,0
ID_PqJaoebL,0
ID_gnLkrjju,0
ID_oAqtmWry,0
ID_tHOuIYmz,0
ID_mtHtGyLJ,0
ID_pHpJbGtT,0
ID_vrpKafGs,0
ID_KULcCvVo,0
ID_MeyjLEjc,0
ID_prkWuObr,0
ID_HMlGcCcg,0
ID_xttJKRfg,0
ID_UrGdrviO,0
ID_udSyRmIm,0
ID_uusmXPlr,0
ID_wXpQPjrR,0
ID_TvhgTreJ,0
ID_QAGdKqyg,0
ID_byETCCWl,0
ID_LBAgkZLM,0
ID_eiUJGuKL,0
ID_GiwbdrbY,0
ID_XFgMArtS,0
ID_POMMFeKw,0
ID_FPlVXRFD,0
ID_XgddQiQr,0
ID_eGzbTmIa,0
ID_YOmBtFox,0
ID_jxnFJXNZ,0
ID_IFCklcRE,0
ID_YogDSikX,0
ID_pOKvBNTe,0
ID_AIWTdKBT,0
ID_fzYASniL,0
ID_tBxgtRvB,0
ID_pjJDvVUG,0
ID_CKIXubvE,0
ID_yJxkQViV,0
ID_tXNywfWQ,0
ID_ApSPNYda,0
ID_oERJZwuU,0
ID_JzMgXkQm,0
ID_HPxQhCpm,0
ID_xvMBGmXd,0
ID_VgapIjmG,0
ID_jDnlEpiF,0
ID_uOgSrvpJ,0
ID_qsJVSbyb,0
ID_qpmKJYYu,0
ID_AZHOICQH,0
ID_lbDZekqA,0
ID_WsCZPucV,0
ID_akfOQwEk,0
ID_TxGqIwVh,0
ID_VcREzroz,0
ID_tKLNcXmb,0
ID_BcqBFMdy,0
ID_gSPlXQQe,0
ID_SrPJHZJJ,0
ID_batpeVJd,0
ID_WEeomqhE,0
ID_wPMfICVi,0
ID_JEmyMMIV,0
ID_bsfntqqG,0
ID_TIoFlXIT,0
ID_lIREfPlb,0
ID_iOgwlKyB,0
ID_fBGoelAu,0
ID_FKkiWmZn,0
ID_BLmfCjHj,0
ID_CegYBtPg,0
ID_KAWmqZaW,0
ID_wDTxOJYH,0
ID_GiGFwbJk,0
ID_qOqFVyeW,0
ID_fIvKgWWb,0
ID_BFScgTdL,0
ID_FJJZpQuv,0
ID_UCBrTxGP,0
ID_PJHqHxqH,0
ID_emgRPJtE,0
ID_woxvflRy,0
ID_dVwnnHNf,0
ID_GNSVEkwy,0
ID_MSrkbtFK,0
ID_VpeaMvkc,0
ID_SdeHuzcI,0
ID_LovMMdTq,0
ID_PXuJMbnR,0
ID_zeGcIpQU,0
ID_cHaHhtSi,0
ID_SrgISCOB,0
ID_OdhqVtbl,0
ID_sVwAIyPk,0
ID_EbRWyGaJ,0
ID_xVvVWTUI,0
ID_MIVtTqix,0
ID_fDMyQDGk,0
ID_kFvSJarB,0
ID_iiyXJwrb,0
ID_EInVVauq,0
ID_RjGTsuIE,0
ID_EtRjpRiN,0
ID_VdQhKMJp,0
ID_GPCXzlNv,0
ID_prqxmdjo,0
ID_nxedPnHN,0
ID_zWAASyPi,0
ID_mWpABMKa,0
ID_IPoEjtGm,0
ID_MvvRXPVp,0
ID_BYomGzLo,0
ID_UVIggUWZ,0
ID_KKoLHoEi,0
ID_QnxkBKeF,0
ID_WHooYQHN,0
ID_LEvCtcMR,0
ID_TJiOJJCJ,0
ID_fPPnjvfz,0
ID_RbwYXFjc,0
ID_LPWtLZvv,0
ID_oINhFwhM,0
ID_FlGprbWb,0
ID_lSUHqSLT,0
ID_kQRgSeUk,0
ID_vHFSmYou,0
ID_pjlbXkyS,0
ID_ZVbPqkbs,0
ID_JJDfvCbW,0
ID_mXGPghdg,0
ID_KPtLtOvl,0
ID_mVJHZHlK,0
ID_SxbEmbGl,0
ID_WsYeTqnS,0
ID_UOyJyNgQ,0
ID_UgFvQxjY,0
ID_xGGdiSOV,0
ID_lYuLQppQ,0
ID_YPuaoOUK,0
ID_NhDABflM,0
ID_mosxoSgx,0
ID_yfpfhjVK,0
ID_uoQarhzk,0
ID_NUJFkkQw,0
ID_QdYafbgQ,0
ID_KSPTJywj,0
ID_SRtdIzPg,0
ID_MFlIKFyd,0
ID_fcxcuLSC,0
ID_WbsvCQTM,0
ID_FanzfrYK,0
ID_trOAlyDe,0
ID_SpAOmarJ,0
ID_NRmzmhlc,0
ID_LdDbrlQE,0
ID_kCMHLvNV,0
ID_AMhnRHii,0
ID_dliUqeUF,0
ID_zKEmiXSu,0
ID_GzBFIrjR,0
ID_oYfMGwoa,0
ID_BPjwfKtm,0
ID_HFzJownY,0
ID_BEEPQxbm,0
ID_fbedoGlS,0
ID_zpIPuWTx,0
ID_WsomOyLq,0
ID_YuFLvIox,0
ID_YchCMnec,0
ID_zuhtdhwn,0
ID_NgYuutRi,0
ID_yopiCFoI,0
ID_YNjhVOGN,0
ID_mHXXsDJX,0
ID_UikGOdST,0
ID_EKmyIdGD,0
ID_sqcIAVzJ,0
ID_FrLxymkV,0
ID_LGgsGnfh,0
ID_ieDWnZRF,0
ID_kqNxMaju,0
ID_dGboNXEs,0
ID_ucZPpWca,0
ID_Kgamjrwj,0
ID_DluyYnYM,0
ID_XpmVFptu,0
ID_beOipYHO,0
ID_peoKkHyt,0
ID_odIDARgO,0
ID_pHzaiBuP,0
ID_rRAxBhAZ,0
ID_BUrUkQpu,0
ID_EOglbnoM,0
ID_DScYbMTo,0
ID_pVPVLoeI,0
ID_PDusmLrb,0
ID_wVgDHyTT,0
ID_bmkuSwHG,0
ID_hwsvnDwB,0
ID_dSQXJAMl,0
ID_kIRCAwBh,0
ID_zcHtgEGz,0
ID_rJBaERxk,0
ID_vhbVqxRf,0
ID_WJmONqmH,0
ID_pUbKVwQr,0
ID_yjIEbZgn,0
ID_oBQaASpy,0
ID_MNrLAQJa,0
ID_abjPMqsk,0
ID_JfItCdBJ,0
ID_CyVxaROJ,0
ID_nTuzTXOe,0
ID_LySoEkPC,0
ID_ZNzgGvBo,0
ID_pqvxRzXA,0
ID_VkmkhcWu,0
ID_nyTaNIis,0
ID_unBEhZWG,0
ID_GlKYFizl,0
ID_WkTDqInf,0
ID_LOMDbktm,0
ID_zQpPEMgy,0
ID_uHYTYVSD,0
ID_IQTnWybT,0
ID_DojChPzW,0
ID_GeDIHBlm,0
ID_AYErhcry,0
ID_qdgRTqUi,0
ID_kHqbflxD,0
ID_CqVCSZbd,0
ID_gccsEAkA,0
ID_UaRJXViD,0
ID_hgYTHTDK,0
ID_FVmcbwfI,0
ID_itDddjqa,0
ID_JqqCQUWf,0
ID_aykiRzpN,0
ID_vzOINvCG,0
ID_AeRymbUK,0
ID_kbggPout,0
ID_sBPDjGnf,0
ID_nynxtQwW,0
ID_RexCJdVd,0
ID_IPVYhyJT,0
ID_xiJqVPSM,0
ID_CoGabFER,0
ID_jfsZRltg,0
ID_lVVICnXb,0
ID_LEdibFmy,0
ID_xhDeQxIP,0
ID_ZWPGYqcq,0
ID_DlUqYCUY,0
ID_pwjAnrVr,0
ID_yybWWjis,0
ID_EzGCNbDi,0
ID_NBxgqoIC,0
ID_XSXJVCJm,0
ID_gVRfzakY,0
ID_tXLcoJfE,0
ID_TvToewyr,0
ID_IblNEPaj,0
ID_wqzEOqCc,0
ID_btcTESeW,0
ID_GPlHYmld,0
ID_uEfMmiri,0
ID_KxQcTTIX,0
ID_evPaeccO,0
ID_FpfdPtKc,0
ID_zkFNbiAl,0
ID_wkzoeRWT,0
ID_avYWSNdm,0
ID_kUFQdFAG,0
ID_JlvRHcds,0
ID_TTfFWafE,0
ID_tTqAFWIV,0
ID_uJwhOgjI,0
ID_aZHvoFIe,0
ID_MvroSSYq,0
ID_AKhdDoZX,0
ID_LwGqUusR,0
ID_LfZFJfou,0
ID_rlEcecZD,0
ID_ctptnSdV,0
ID_WYxqDccw,0
ID_PskjOkKN,0
ID_NrUGsmYY,0
ID_rRgccWYN,0
ID_VDvhkPVp,0
ID_muWWhnlu,0
ID_ICnvyusx,0
ID_CPtwpiXs,0
ID_FXvJonZq,0
ID_rLVSClpF,0
ID_ylXsufOO,0
ID_rTGnuPpc,0
ID_DbhNmhzj,0
ID_dvmzzcZn,0
ID_RdqKyVQF,0
ID_ojtxomKi,0
ID_gGgIsLcu,0
ID_rwzlrqMe,0
ID_rCozWMoK,0
ID_XMLFoEuA,0
ID_ylZUCWBZ,0
ID_NOuRcxZz,0
ID_TJGcCYVk,0
ID_YvcabAKB,0
ID_xbepvhHX,0
ID_CCTdhksB,0
ID_qcpJySnA,0
ID_UCGHjSWP,0
ID_WNwBiaVo,0
ID_RNhlZgFw,0
ID_eUcJEwwp,0
ID_jepNfXeF,0
ID_zyWQSnnG,0
ID_PSxLxZrh,0
ID_BtYnwYwc,0
ID_eTrUruVx,0
ID_znAfsOFf,0
ID_rKaiSiBj,0
ID_MEraCPCr,0
ID_CRBGHvPi,0
ID_IIznWeul,0
ID_JOedMdOo,0
ID_ikXqpPfO,0
ID_JbflbvIG,0
ID_NHrPABfZ,0
ID_trqXOGFM,0
ID_doWYgyiJ,0
ID_qcgTXcqD,0
ID_vIDFVQhN,0
ID_UrOHlydk,0
ID_yrhHaBbq,0
ID_PdkKPUXk,0
ID_cgKanlLB,0
ID_wJbyXjuJ,0
ID_ZlwkjDrM,0
ID_NQmLFmqH,0
ID_LJzaWcmn,0
ID_dFTpNkmP,0
ID_vtrWIKia,0
ID_syueBOju,0
ID_gmzSLaFV,0
ID_PPiPISbs,0
ID_WjOOaHib,0
ID_NLxVRHOx,0
ID_pxvGSRzr,0
ID_vwYCQcJZ,0
ID_fxQAXoIX,0
ID_yOtPCvTb,0
ID_AwegUEWB,0
ID_TqfXdslX,0
ID_VNjPOPOx,0
ID_hqcJPgAn,0
ID_JvzGuRUR,0
ID_uUJxGStk,0
ID_DwrFsYER,0
ID_zuCUeqSo,0
ID_GQBZFXQE,0
ID_CLRHRstK,0
ID_zJzNlanF,0
ID_tpBnGCDD,0
ID_uAzrCzJX,0
ID_OlxoZtve,0
ID_xSAgAFOf,0
ID_qAZzmhHS,0
ID_RRbXQajW,0
ID_NOxFLdsQ,0
ID_LPJlbQHR,0
ID_CswSJvko,0
ID_POAdyfkx,0
ID_TGtWvgKi,0
ID_esdTjbdd,0
ID_AGdMSyhM,0
ID_jFDxLWfX,0
ID_UwrSHCZj,0
ID_MlgXSnYN,0
ID_WAfUVaYb,0
ID_sMyTAvCT,0
ID_qfCrQoBU,0
ID_RespkkFJ,0
ID_TClQFXyQ,0
ID_xserXrQq,0
ID_KKHbSnaX,0
ID_TdhHZNOn,0
ID_IpOvmyFI,0
ID_idVkCEeN,0
ID_RRVgnIBE,0
ID_OOhBNIYD,0
ID_kqOCyXdH,0
ID_lHgDGnuL,0
ID_paUBKgqu,0
ID_yjxbLOKu,0
ID_FkOEWHlo,0
ID_aXHdBqSo,0
ID_xZEkqRLQ,0
ID_erYJUdQP,0
ID_ALtrXZtF,0
ID_VYKRwxLY,0
ID_EQitKiJZ,0
ID_wYBInZUu,0
ID_lseXDczi,0
ID_QwTVSdey,0
ID_gjTxbzFR,0
ID_MPhXSJDD,0
ID_oFVEbhYx,0
ID_CTNzrdME,0
ID_rdRKMaEN,0
ID_hcxnOGhM,0
ID_lgfMqBzY,0
ID_AplzWgcQ,0
ID_tOgMDemv,0
ID_QfUcQPJV,0
ID_RoarlGbc,0
ID_NQiMruew,0
ID_BXxJNFCc,0
ID_TBpOtySV,0
ID_TOxviZSM,0
ID_mzabfdyV,0
ID_aeFTUtgU,0
ID_KSFkoRMN,0
ID_ALcxaVai,0
ID_QQPxnmeT,0
ID_trLFYKRl,0
ID_rcGCizre,0
ID_DovfeEip,0
ID_gjVjHBMg,0
ID_LvSUfYQv,0
ID_SjbyzLEn,0
ID_AWZOWMEh,0
ID_OcRSkcFK,0
ID_JqNOxTQq,0
ID_nQXfboIB,0
ID_vpPUcjYl,0
ID_zgKIXbNs,0
ID_AAGuzGzi,0
ID_DISwfPhK,0
ID_gWwFNFQA,0
ID_LWeBGiuD,0
ID_IhSMSZvo,0
ID_ltulAUmP,0
ID_KJFtHiXX,0
ID_eAWhasUr,0
ID_HiboPyCp,0
ID_HCYHbOPB,0
ID_CTPuSwLj,0
ID_FLpgQibi,0
ID_KjATxuXl,0
ID_CgQudhKH,0
ID_tvliUurU,0
ID_zVWwrRZg,0
ID_MjEZWYbH,0
ID_WucYkuOQ,0
ID_MQJjckxh,0
ID_UEVmSPEY,0
ID_gBPZnMMA,0
ID_IvRSTjTf,0
ID_WuDTyEkd,0
ID_ixoVdcad,0
ID_otOfmYzt,0
ID_bupLFpJt,0
ID_ScgNbgTf,0
ID_xJZqFwML,0
ID_wRQYGYtM,0
ID_XjIbuzqg,0
ID_yKYQOfIp,0
ID_vjRuMhCB,0
ID_AGZbvlsl,0
ID_EwsKOrhg,0
ID_slthvsRL,0
ID_YhTNfqXQ,0
ID_NysjuQUz,0
ID_lsDlnNkg,0
ID_johFDFhW,0
ID_flKHfBZP,0
ID_tEaKIUUk,0
ID_nTRfbwvV,0
ID_GQtnNRdj,0
ID_RZOtUTwZ,0
ID_ERjFaqrC,0
ID_SWiUOhFQ,0
ID_qAmGThVu,0
ID_IFSafXoX,0
ID_rvreMVJA,0
ID_pALAkDhL,0
ID_ONeMzkmf,0
ID_JpmVpMbd,0
ID_QYLsdHVD,0
ID_lhIPHxjJ,0
ID_cxhYnyLq,0
ID_nNHfZuXX,0
ID_BvHYNVBF,0
ID_SpNTrEeI,0
ID_voSmGvip,0
ID_icsuGqWv,0
ID_DondSdlL,0
ID_DbMMbLJw,0
ID_ZDyofKpX,0
ID_GuTBIfLC,0
ID_MiPonvIZ,0
ID_iqMNUVcm,0
ID_kaBIIgUS,0
ID_owlmbyku,0
ID_EZJzLLtB,0
ID_rwuRltAx,0
ID_AKgzjnpG,0
ID_ZeeAkUIc,0
ID_bMTfyYvi,0
ID_RQCOjqHg,0
ID_uucYbSiD,0
ID_nMAanEAC,0
ID_RXYeeiLq,0
ID_YOQpXiUA,0
ID_eQlQFaId,0
ID_kAmbqrhL,0
ID_pKpbXlNF,0
ID_YYmcOjPH,0
ID_wCUiFeSZ,0
ID_LZxVhNwp,0
ID_qkXMdWpB,0
ID_kuzViDMQ,0
ID_MKDkrdcZ,0
ID_UKWmnOWN,0
ID_qkgBWfSU,0
ID_ryQpKdiZ,0
ID_gLPffgJu,0
ID_jZOkyhJc,0
ID_VdqgehAl,0
ID_xsJRyAVO,0
ID_hxGTDovK,0
ID_AVYDoijW,0
ID_Sugjjxqt,0
ID_tHvsgpFq,0
ID_jkFecgFd,0
ID_vUWiBLPk,0
ID_JHaJLmCq,0
ID_pdmWmMvo,0
ID_UjoXOVpy,0
ID_gxGvitTj,0
ID_RdmFeIxx,0
ID_TOskjgEf,0
ID_CgJouqkI,0
ID_GEdOjdWV,0
ID_AmscruQC,0
ID_GqyHBtQF,0
ID_xjmYEnaq,0
ID_jfeKdiqx,0
ID_fFVzqieJ,0
ID_kKluoPkM,0
ID_FJilvwwk,0
ID_XdygUwPz,0
ID_QSfQWfhQ,0
ID_wfDSvqJu,0
ID_jrKsOcmq,0
ID_sZARdSxS,0
ID_nqhhzcbw,0
ID_kYpOjMpL,0
ID_zBkIgkCw,0
ID_OeLDXLeQ,0
ID_lRIuseuH,0
ID_QGehlzzp,0
ID_ToqpUUHA,0
ID_UprvIofd,0
ID_chediXsj,0
ID_FrrPxbyo,0
ID_COCFePAx,0
ID_uQGwQLPW,0
ID_HuimZzRK,0
ID_EXMElGkN,0
ID_jvAjYCzF,0
ID_dZsfTFbA,0
ID_RlAhilZs,0
ID_aXknWFxa,0
ID_iZsYrBsF,0
ID_RZVhbbds,0
ID_BHQYWijE,0
ID_dMdaJJxA,0
ID_wjpftwrD,0
ID_bFXoTxuC,0
ID_JjNnNaKn,0
ID_CZQaNTOW,0
ID_sKbxKhVk,0
ID_DNhmRaas,0
ID_kuHfkfjp,0
ID_MNpMVpCg,0
ID_dhIIVACB,0
ID_cKcmVHpx,0
ID_LqrHfSny,0
ID_ERPOwzMO,0
ID_OYGsZNaS,0
ID_vRyXuOXV,0
ID_lmXzGHVp,0
ID_krtVjbEg,0
ID_EmibeMzB,0
ID_JbAwbhKq,0
ID_QWGpsedM,0
ID_BepaOenc,0
ID_pcuCrRQO,0
ID_McKFtXAf,0
ID_wLrrQIlx,0
ID_XFEmBkNv,0
ID_vMybXkUl,0
ID_sbUSXYml,0
ID_SjrqEbgB,0
ID_mbFmJyNn,0
ID_oHpfsKDW,0
ID_zZcSBerA,0
ID_FJKJtcKb,0
ID_KdrHxsbb,0
ID_FnGpuuFT,0
ID_JLiOZmHq,0
ID_BtMPZMKN,0
ID_nNJtTWgq,0
ID_iiYWkZnj,0
ID_FNNorGpj,0
ID_ujSpVhcu,0
ID_RItvjeAW,0
ID_mvPyWKcK,0
ID_cGimgPct,0
ID_bkXGqgBV,0
ID_RkrwIEaR,0
ID_onMdgYxy,0
ID_DgGwlKfs,0
ID_UpQzRmKK,0
ID_fQhPkowg,0
ID_afRnqVJS,0
ID_ZrzUwmQY,0
ID_BMnQYJFb,0
ID_eXabkfxs,0
ID_ZHIVTJga,0
ID_EJyBGCED,0
ID_hVVFhymd,0
ID_LPmyuvBc,0
ID_gBxcUzaQ,0
ID_nlxwIzbv,0
ID_BzkdIkOo,0
ID_tpBgUymF,0
ID_FAGPpYLe,0
ID_iCyLukNn,0
ID_jijBoVNl,0
ID_jPFKNwlD,0
ID_ksezHiYJ,0
ID_lVSZFJtl,0
ID_kywdMioq,0
ID_gYBbQubg,0
ID_CngsirUH,0
ID_VeIYvCdp,0
ID_LhpmljNq,0
ID_TKGNvTBP,0
ID_OjSxIlQd,0
ID_DHADGfdY,0
ID_vDYxmHEf,0
ID_lecUrZXa,0
ID_uYzCKNUZ,0
ID_qHbmSZvS,0
ID_BkzDEIlB,0
ID_HFcVfoqc,0
ID_EFVmzzyl,0
ID_wRFyKSTA,0
ID_IcabkJQq,0
ID_JTCWbkWs,0
ID_EQuDjAUQ,0
ID_NcfGytIr,0
ID_IgzrpNnS,0
ID_XxWTHowO,0
ID_nFziWvFi,0
ID_HJXpwFKI,0
ID_sIDOOziq,0
ID_eLhZrHWl,0
ID_SzMKdgnv,0
ID_EeyywcvU,0
ID_oKKddjNT,0
ID_eltlrFXZ,0
ID_AodFeDJt,0
ID_chUozedM,0
ID_mfeHBvvL,0
ID_XRDdhhhr,0
ID_HZXpHvzi,0
ID_vrSszyXH,0
ID_aeBUStUa,0
ID_VkEWFyjK,0
ID_RpBSPddd,0
ID_wiDRVWEO,0
ID_duKmfKes,0
ID_xnWBEWHl,0
ID_odxKYgpC,0
ID_DjMteTwp,0
ID_MuMxCDyC,0
ID_HulJrtdW,0
ID_aNjTHMrs,0
ID_wDLtugEY,0
ID_JcXfgrzC,0
ID_wCdnRcoE,0
ID_nejRHpNn,0
ID_TVnWDYCR,0
ID_GBOLRbfW,0
ID_MfXzhVDg,0
ID_THtKeTji,0
ID_raNHrXnp,0
ID_ufZFPGuT,0
ID_nqJMFBpu,0
ID_RTkdlUBS,0
ID_zOZzcArc,0
ID_mggEsBky,0
ID_lBEiXQRC,0
ID_SypjKbFf,0
ID_JblTIWAU,0
ID_gBzArlgp,0
ID_zCmfuqgs,0
ID_YIpKHwKS,0
ID_tYPyPzgI,0
ID_PVBwvPcd,0
ID_xDrACKqA,0
ID_eKIKMfIC,0
ID_oqxSzHPa,0
ID_BcWSrego,0
ID_qKrVdXFz,0
ID_niTjHTFO,0
ID_nDwrqnRv,0
ID_nzJkLOST,0
ID_ZceuJJRe,0
ID_LNxtVGDd,0
ID_JTkwEBEw,0
ID_qCCnzvmc,0
ID_DitOZROP,0
ID_rHQapfQX,0
ID_xSQLspIA,0
ID_NEMwpzPU,0
ID_WxHLhrkz,0
ID_dsoXGSmA,0
ID_ofHSJYAr,0
ID_XNqwSETG,0
ID_GlVubEEe,0
ID_gTzOZkuV,0
ID_TjNUCUDi,0
ID_dMmyEdqB,0
ID_mYzDxwhJ,0
ID_jfRLwQWw,0
ID_ywVbMgxp,0
ID_TikdUAQa,0
ID_otEJDOTN,0
ID_SzwlWNfg,0
ID_jchllfeZ,0
ID_vcbuwZVG,0
ID_nnVdrtKX,0
ID_MjpcHwBd,0
ID_asvynAEH,0
ID_gdEPrmdI,0
ID_KXBCqsgh,0
ID_AvPytpWK,0
ID_hOYfYHQe,0
ID_qpFfczDx,0
ID_tTkiJhlh,0
ID_lnUVhnTM,0
ID_CCZPibxQ,0
ID_jIjYAyaY,0
ID_dhYPlmQj,0
ID_erszRbAX,0
ID_GPtIUdVF,0
ID_qNcjzCjx,0
ID_bGliaodv,0
ID_xdnmdOay,0
ID_nYRVrGov,0
ID_IxOdIiNw,0
ID_kjxanIPs,0
ID_WkovJhkB,0
ID_bUAKwLgJ,0
ID_oWUuiLxD,0
ID_dhWrJNOb,0
ID_dAsQpfbw,0
ID_bwkWioaD,0
ID_eJMYvbnK,0
ID_blplfawA,0
ID_pKCwboWV,0
ID_gchSblYC,0
ID_xSiWMUMe,0
ID_MPOaiMLR,0
ID_QTybBYtk,0
ID_iNZFeHTK,0
ID_KqssYWvR,0
ID_azCwwKtO,0
ID_gkITcmzI,0
ID_uJsvKbJU,0
ID_AAuiTPkQ,0
ID_RBKEndHm,0
ID_FhtqQFcG,0
ID_eaGFlYEA,0
ID_DufYmJgE,0
ID_mdjYUhjY,0
ID_fILkQKDw,0
ID_NTMFjWdF,0
ID_vSEKKbov,0
ID_TJlmJhOU,0
ID_byLWWDrX,0
ID_zJRpwGpo,0
ID_zNlZBuuE,0
ID_JRftNCkn,0
ID_hnQQZUMt,0
ID_tVTmRUmn,0
ID_ijzvZQSw,0
ID_aTIdgFKi,0
ID_bpZOqrzJ,0
ID_fvCoHBsp,0
ID_UBqGMJUe,0
ID_VkOCODFA,0
ID_AiUyndcI,0
ID_aPqwFxcT,0
ID_lrUMvjDm,0
ID_RuMLezHM,0
ID_tIOLliwy,0
ID_ptknpyrm,0
ID_qXHRIHVb,0
ID_ushGoydb,0
ID_akXjvRbi,0
ID_OpgPwXQS,0
ID_wgIkjzqc,0
ID_EShnjXja,0
ID_sobCvNPW,0
ID_ucJqphQw,0
ID_ddGfcBjW,0
ID_RsWHVNHp,0
ID_dfSNiTCP,0
ID_iYoQKwRy,0
ID_yXNkBULf,0
ID_MEUOeAXM,0
ID_VaQvWusZ,0
ID_FWpmXBia,0
ID_oXMUGqjt,0
ID_gecROrRT,0
ID_CmSLKtDW,0
ID_oFvLsnGa,0
ID_VqQuvpgi,0
ID_ZSyjgKna,0
ID_RnrMFUsm,0
ID_JBuPUBfe,0
ID_HsQmcGZe,0
ID_rHjZdqby,0
ID_ibQsOsEO,0
ID_lHLCdMFX,0
ID_CsQNmZPN,0
ID_lEYNfqik,0
ID_iHFaYTEb,0
ID_hecCqWUR,0
ID_dasFcSTu,0
ID_TCqJyXGs,0
ID_JTLvifxO,0
ID_zmqPsxjR,0
ID_wnKVQIkU,0
ID_ZXHeKqoB,0
ID_GUfxEabM,0
ID_bFIhBEKr,0
ID_ZJhVUSGH,0
ID_zwXoHFXd,0
ID_UZVIPSLr,0
ID_PaVAfDJt,0
ID_SYoyJzPC,0
ID_yGKcvnXW,0
ID_FFPSfPne,0
ID_WNJCMchH,0
ID_tvABFQWS,0
ID_cVbAFMci,0
ID_YPcErRiM,0
ID_vcRWHUuz,0
ID_SEAclgEN,0
ID_FqthcvUO,0
ID_uqXrYsNA,0
ID_lFGSGQKE,0
ID_MOaQYWDz,0
ID_vVgUFkAy,0
ID_ihiteipx,0
ID_NIDKlmrS,0
ID_yhoaVklo,0
ID_sGmuooFo,0
ID_lSWzeXEq,0
ID_zlyvECjo,0
ID_iStJkZsD,0
ID_XyXRmMaF,0
ID_stoHbzLp,0
ID_YcYoXkaC,0
ID_ErZOTBEy,0
ID_TtXqiXij,0
ID_wOuWFArV,0
ID_hPpZdNFY,0
ID_lYYqpwmq,0
ID_NjgbXJkb,0
ID_hUpoYWTl,0
ID_hIFVnxvk,0
ID_UrMmvpmL,0
ID_fHPpMYYU,0
ID_FbbfsLeK,0
ID_xNBaGIHf,0
ID_dzfQlJdv,0
ID_AtxanfKe,0
ID_QILNUbBP,0
ID_uRvYBrEh,0
ID_SlKZHwjU,0
ID_BYtTcDQN,0
ID_HFbLAJNR,0
ID_UKvOcBKW,0
ID_FFinGMCk,0
ID_yKfPnTYU,0
ID_ymMcEDBw,0
ID_NVVXWGBf,0
ID_BpSrmmET,0
ID_foutZllM,0
ID_TGWmSmri,0
ID_KdORICXL,0
ID_DpaRkzhT,0
ID_fUdhUANp,0
ID_NBZIZewi,0
ID_cRRTNJdf,0
ID_UQRTbFfv,0
ID_iXtjYOrX,0
ID_ZqrHAsOp,0
ID_rNNryESk,0
ID_HUXemfkq,0
ID_bJFvTgbh,0
ID_tnalZkBy,0
ID_cIFEPnhL,0
ID_EaUCbCmt,0
ID_FuwUmsHk,0
ID_PpfRUBbz,0
ID_SGTSkcpv,0
ID_abRytWFJ,0
ID_yBlzqtyA,0
ID_BmqMAMdW,0
ID_svAJtSgq,0
ID_FSrltdvk,0
ID_lDPbTMQX,0
ID_LFwWGUSP,0
ID_jFPcakBN,0
ID_pyrkNBhM,0
ID_fopXjpZh,0
ID_ENSgCXAP,0
ID_mpXIuDnE,0
ID_ZcofYIJN,0
ID_jJJIrxuZ,0
ID_uJgkrHlR,0
ID_fcmmeybp,0
ID_EkcEkmsi,0
ID_pHzhjxrm,0
ID_mNJHUout,0
ID_laxNykQT,0
ID_MHQVgfxv,0
ID_HIDURpUB,0
ID_hlAmlWSu,0
ID_eTyvUaGT,0
ID_doEQMjAi,0
ID_KswdMFSf,0
ID_PbtdElNL,0
ID_AodlcTtj,0
ID_eTGuWEuq,0
ID_shYuDTeK,0
ID_thiBavod,0
ID_ESnSOUHL,0
ID_vOvMwOij,0
ID_ybEVhaei,0
ID_dEeyRGVU,0
ID_cNPtWbsW,0
ID_raXzGxJi,0
ID_Kkcupzli,0
ID_FRkNFRNv,0
ID_IWCCmQch,0
ID_NSxAtMcP,0
ID_qjyrlDXJ,0
ID_CEiqWAYb,0
ID_VkAvdrsd,0
ID_zJUSFCgs,0
ID_nseDflud,0
ID_qpoiZprz,0
ID_ZJSSlOsK,0
ID_KoddJCcP,0
ID_ufpoBZks,0
ID_OLyoTExS,0
ID_TpbehWCg,0
ID_XdbhRvvB,0
ID_GZNgrXBH,0
ID_uVkmijIh,0
ID_LjhHcvpZ,0
ID_sjisSKhM,0
ID_yIrmUihc,0
ID_frSICaLv,0
ID_GRzgpkVL,0
ID_yIpDBCHC,0
ID_vZTetdRB,0
ID_GAymUGlW,0
ID_PVbTvhRH,0
ID_vdRHYXss,0
ID_hPMkNDFx,0
ID_yrnlXcaz,0
ID_BSWiqVex,0
ID_JdGwimuw,0
ID_OeTDQAIu,0
ID_SfggqgGN,0
ID_EXwktGnC,0
ID_WyxCFteQ,0
ID_wqTvbBqe,0
ID_mERuPHeP,0
ID_IRbRwYqe,0
ID_otNOWwpb,0
ID_ikCWDzLB,0
ID_RSHXNIay,0
ID_QWgaqncA,0
ID_vyXaEaTj,0
ID_PDJvQtaH,0
ID_wMYQckKM,0
ID_QPEeasHA,0
ID_xyATapBw,0
ID_lvTowgCE,0
ID_DSrtdowx,0
ID_VtLopKdu,0
ID_SGLSQKYs,0
ID_LOEjBIIa,0
ID_ZMMsFkOs,0
ID_YybMHjEp,0
ID_ayVLWYTl,0
ID_bbQhhcwq,0
ID_heixhXIQ,0
ID_wieYczDA,0
ID_zPtayoBy,0
ID_QZHqItZC,0
ID_QmqKwfwJ,0
ID_lSCJKOic,0
ID_HwMNSmBY,0
ID_WxsvmntF,0
ID_UHedaroF,0
ID_cgWLkzEP,0
ID_JpfVvDhJ,0
ID_VmRgqlkL,0
ID_tLhTuZsQ,0
ID_lKXxKhfi,0
ID_txlqhAVT,0
ID_ffKaVwVw,0
ID_HljAnBOG,0
ID_FyNNdmNA,0
ID_ZlWCYWpB,0
ID_gzbEoXLU,0
ID_aUBvoyxO,0
ID_uTjWYojs,0
ID_yDlUEJeO,0
ID_UdjfLkXD,0
ID_Fyssqovd,0
ID_jnoOkvMb,0
ID_FVJpGFrT,0
ID_UMendGxy,0
ID_DAoosrtO,0
ID_vheBVQrW,0
ID_twATVRpy,0
ID_ZDfXDvUm,0
ID_GeJXwxip,0
ID_AMjTaAcP,0
ID_XmVPxDUo,0
ID_YYTTJWMk,0
ID_cmEELzlO,0
ID_OSHJRsEr,0
ID_WhipDdUg,0
ID_hPGGvYFK,0
ID_kmwQLJLG,0
ID_LTgYrCvA,0
ID_ZgRWQfLQ,0
ID_lYLPRvbx,0
ID_JOgsfuum,0
ID_oenUpkAI,0
ID_GyKPVGum,0
ID_uVubOwKM,0
ID_vMwFctuj,0
ID_qZHwXoBv,0
ID_wLoYLoMH,0
ID_kwUpaqVs,0
ID_UfhJdvtE,0
ID_FWDcpXGj,0
ID_MyoyfQnv,0
ID_avxRrVcj,0
ID_LhKNvUmL,0
ID_IxqeRIRs,0
ID_RfpJYmPL,0
ID_saXaxcoc,0
ID_SbMGqbPJ,0
ID_pDWPBwKY,0
ID_wEiVWZNz,0
ID_fncKUczA,0
ID_TqsXwVPf,0
ID_pEmpfZmC,0
ID_XyFIMNaj,0
ID_pZbcufSy,0
ID_LZugMMrk,0
ID_qbyTIlKD,0
ID_wKfSvmPL,0
ID_BlEuHNTt,0
ID_MxWUeoIV,0
ID_TTNVSoqa,0
ID_eXBASVCR,0
ID_qvKLdtWu,0
ID_bGlEXDpu,0
ID_tCwBPruj,0
ID_awbMhBgq,0
ID_VOvmWnpZ,0
ID_DKHpHSgq,0
ID_rNVjAAHD,0
ID_tyRCvGcA,0
ID_IfGCozna,0
ID_vETXcAbJ,0
ID_UolqICcV,0
ID_FIvnVRcv,0
ID_NcIwOAtj,0
ID_laPjiQIm,0
ID_GDtWBRFi,0
ID_RwwPpFMc,0
ID_rBOrVEyA,0
ID_VWrRPKVM,0
ID_nhiBlFGC,0
ID_vcIFtenF,0
ID_lgeeQpeL,0
ID_vMuvQmae,0
ID_vSUUJsIW,0
ID_YCxoUsaU,0
ID_ypFpdaRn,0
ID_zDExlDFR,0
ID_qzsRhkSI,0
ID_qmKLHTri,0
ID_DdezFiVR,0
ID_jtLXnRCk,0
ID_mubiiXrF,0
ID_wMmPVfhd,0
ID_PmgWDajw,0
ID_mFjoEwgh,0
ID_vyJqccds,0
ID_IyyeFVKq,0
ID_JtkNnYiq,0
ID_YYRQcIkN,0
ID_mMDVZIrN,0
ID_BgzPqOaI,0
ID_LCPbIKJS,0
ID_lCSdhdXa,0
ID_KFoPLEeZ,0
ID_XuVhYcaL,0
ID_siqEtBma,0
ID_FBIHykiA,0
ID_GHvjdWJw,0
ID_xjgRqPAv,0
ID_hJcVhZrA,0
ID_cssGrBSu,0
ID_XnZPlbyu,0
ID_ybgWWbId,0
ID_zPMAvZgz,0
ID_WgJhhZbK,0
ID_uhpwAnRE,0
ID_kundGXdm,0
ID_ZbMUZiZM,0
ID_PyBoXHhm,0
ID_QJjuuEPc,0
ID_PLPRCGtV,0
ID_sQOnTABy,0
ID_RWfqDFxb,0
ID_jPEEMpoJ,0
ID_AXIHuXTu,0
ID_pHKbeRFQ,0
ID_mYADViBo,0
ID_kLTjthSC,0
ID_yxwezjWH,0
ID_VYhODTiD,0
ID_wkHmMdKB,0
ID_MdYKuHpB,0
ID_sHuArqDs,0
ID_omfDPrzt,0
ID_HZemVBWX,0
ID_FdchDRrm,0
ID_OYEkwOsk,0
ID_OqgQOiMW,0
ID_BAQLeebl,0
ID_sVrQeBdm,0
ID_tbMxbCyP,0
ID_wVaYVORc,0
ID_hUoVkddO,0
ID_pSWxhHfE,0
ID_NNMJlHGX,0
ID_eirInRti,0
ID_znYMSqeD,0
ID_ePordpBG,0
ID_tHlUWcgl,0
ID_xLCsvGUV,0
ID_IjzPKXIe,0
ID_sGmgaSVN,0
ID_hhTOextT,0
ID_PQwDMAnL,0
ID_sDkNKBFm,0
ID_EBAJatNx,0
ID_TOKcVHJg,0
ID_eCdZoiMU,0
ID_wZcEiNJh,0
ID_VIAIKfyT,0
ID_GGWlbNPc,0
ID_ggxxqPoM,0
ID_oHeJFLBf,0
ID_sRvDuZow,0
ID_EXKaaWTI,0
ID_fWATAKCB,0
ID_nordXNeV,0
ID_HVazxGlV,0
ID_uApwSHoJ,0
ID_JbSmRrLG,0
ID_AqKgIqHT,0
ID_gATypNfD,0
ID_ZzFfmPpN,0
ID_qXaIVFjF,0
ID_lFRESnPQ,0
ID_jdJwORps,0
ID_iLlYzIWc,0
ID_CjObcykD,0
ID_OdmLrypi,0
ID_pcyMcXbx,0
ID_ThUgRnfr,0
ID_FdfsKIJK,0
ID_CSEKRMZS,0
ID_pAcoTDHH,0
ID_iuIVgtUw,0
ID_IvtEmPrK,0
ID_JXcEQtoa,0
ID_AyyIZThj,0
ID_OYjPeTrK,0
ID_csXKnjcr,0
ID_XcNCZQhT,0
ID_KkHJuuYl,0
ID_FBbsEIFB,0
ID_pFfDcccO,0
ID_rhPHMgCk,0
ID_KgcHlITS,0
ID_eETEaxey,0
ID_koSbqpMo,0
ID_ynHvJzKl,0
ID_HxWmRAQs,0
ID_QbdgmawQ,0
ID_LEWdrPwD,0
ID_fvWpfOKA,0
ID_FcpyrMeT,0
ID_PBjQytPO,0
ID_PFeKpUKQ,0
ID_nswcLaZV,0
ID_xviOMges,0
ID_HyEJgciR,0
ID_tODnTpWf,0
ID_RDfOWriw,0
ID_JmyPmAbh,0
ID_YrGQoczk,0
ID_xSRCwuWc,0
ID_hSCxTIJR,0
ID_TOBAneDN,0
ID_DKvzaqov,0
ID_OKoLKgJE,0
ID_dNCQSuZg,0
ID_GfpVVOyw,0
ID_CkrkSCqs,0
ID_TJkhTWUF,0
ID_RwYdVpbE,0
ID_TPODedXs,0
ID_YCrBcEfC,0
ID_ggGPxxkH,0
ID_ZyvAZEqe,0
ID_ouXLkAqf,0
ID_FszMglWC,0
ID_qKEZruyb,0
ID_mBtnFSyP,0
ID_lkgYniYO,0
ID_oLKDPeRo,0
ID_jpSPIHVb,0
ID_XYDdFtYM,0
ID_PtdmSprR,0
ID_DGPpMeST,0
ID_bnaVexRs,0
ID_QVWohGBc,0
ID_MqIbnoYG,0
ID_gNxzBPHl,0
ID_dQyuQIly,0
ID_uafflcHy,0
ID_XSLYRmge,0
ID_FAUhOMiV,0
ID_NlaUowXW,0
ID_EnvNAbCJ,0
ID_FYyGFPRB,0
ID_MVTRcFWP,0
ID_THSrCMXB,0
ID_FrrxKFUD,0
ID_KcUaVeyb,0
ID_TYImJoCI,0
ID_YRLlOSwQ,0
ID_LntldtNJ,0
ID_PhQBhQJo,0
ID_WMXgSJrx,0
ID_FGBHWpqY,0
ID_UTpltCXJ,0
ID_pCSrkUNo,0
ID_DWvoVIcZ,0
ID_KkgiTjOr,0
ID_SXPZYOVg,0
ID_xgGbwamA,0
ID_QLpFAPul,0
ID_dgXREOXr,0
ID_rpbExgNw,0
ID_SbVfqwqq,0
ID_OuWZJUYR,0
ID_IiwwpLLC,0
ID_hUVQJJQH,0
ID_BvrHKmpc,0
ID_aNJjJlGC,0
ID_ddLuGBFI,0
ID_vetzBkWj,0
ID_IoVNqYzj,0
ID_kJmOaFjW,0
ID_BTGSJtuQ,0
ID_NxvRKbmg,0
ID_DasPtQbz,0
ID_MKTzOeJB,0
ID_mVfSwpwn,0
ID_fJridlGg,0
ID_lHNdJlUl,0
ID_ttnRjdtz,0
ID_DaUghfQp,0
ID_HyhbzlYm,0
ID_yGhbPKkn,0
ID_vQnMmnRk,0
ID_DHLCowhz,0
ID_MfqsdhGw,0
ID_ijMgKWEZ,0
ID_ibxEpzhK,0
ID_pCgIQJRb,0
ID_wfUouiCw,0
ID_qeFqrwVw,0
ID_PddjNyvO,0
ID_IqLMUNNf,0
ID_XPniLNuo,0
ID_DBfqzsqo,0
ID_rIRmmsAI,0
ID_XstWEIGV,0
ID_xjbFTVqI,0
ID_FTrrSjjK,0
ID_jahIqyyV,0
ID_ChnseylC,0
ID_tgkkXlox,0
ID_qiKvktEh,0
ID_HyOwCzxg,0
ID_mfsrQIyS,0
ID_sxPJkwWx,0
ID_AURnloun,0
ID_tPIUrnEs,0
ID_lusfCRNu,0
ID_DiLZPUHd,0
ID_cywzrfjA,0
ID_eOdDzrqe,0
ID_PMolIbZJ,0
ID_IxmzwRxF,0
ID_VlpOCqte,0
ID_zBBsWbJb,0
ID_JdwuLIec,0
ID_SfkwEBUo,0
ID_IQQfxeWE,0
ID_HosWTmQm,0
ID_mWgNZDaA,0
ID_emMbdoqg,0
ID_wuqCQmpP,0
ID_jbsZyjGS,0
ID_ekrpWbcL,0
ID_TEuHXZgq,0
ID_kJJJwEeY,0
ID_NOBnlqPU,0
ID_RvNNwOhS,0
ID_pMtFqFsa,0
ID_PsMtEivB,0
ID_rPPjPztV,0
ID_DwgEAgzh,0
ID_JYClANIK,0
ID_qVIsUeUU,0
ID_NaNspnPt,0
ID_VTCUfBqe,0
ID_kiKjwLiM,0
ID_aTrBGJFF,0
ID_rJfUUPaN,0
ID_OPVrUdCw,0
ID_RJYkgrwV,0
ID_MKNurXag,0
ID_glVUyszt,0
ID_ZpUFkePN,0
ID_IGQnwdHX,0
ID_zxgfwvGY,0
ID_oSvBhLma,0
ID_LJDOaxHN,0
ID_nqJJBRir,0
ID_DnYgcvkc,0
ID_wJujZuRr,0
ID_zTrdnwjF,0
ID_DPssYwUj,0
ID_nEzdQeST,0
ID_ucQfAeiZ,0
ID_zuFkEpYI,0
ID_VYQWCcdu,0
ID_vRcNFJHe,0
ID_uCTaUFfz,0
ID_PsmYJdzy,0
ID_LnmCZOJP,0
ID_ZxRYBZqi,0
ID_uAONFhxR,0
ID_fidoMzSV,0
ID_rkpnDJLX,0
ID_odNTNvyx,0
ID_aFRgsWYd,0
ID_TXuKkiij,0
ID_HozGHKGT,0
ID_pIwIYbhz,0
ID_sEehSyfg,0
ID_dpgdGlIX,0
ID_MXrjhNSk,0
ID_lgaXkKKX,0
ID_ubaJOmkr,0
ID_VdJMueiz,0
ID_kCIeErnV,0
ID_UGVnskoB,0
ID_jHZRZNCF,0
ID_bsCknrqH,0
ID_iuFCHIbB,0
ID_dVRpBnPP,0
ID_AGgVcqrD,0
ID_FyCJJxXK,0
ID_wbPNfNlP,0
ID_xqmeKZzr,0
ID_GRkxzRKh,0
ID_kkuhhubO,0
ID_npjlwIyW,0
ID_wwyNCHRb,0
ID_QwrEoCQm,0
ID_GvQzlgZU,0
ID_VDAQcuTo,0
ID_YEdSnGfs,0
ID_sJuIcsyL,0
ID_EyKfdusw,0
ID_UiUUjvzS,0
ID_JvaZvhyz,0
ID_Qkygesfh,0
ID_MVPstOAH,0
ID_skQJRshH,0
ID_brlZaMFY,0
ID_OVIieEFE,0
ID_qxgGadFZ,0
ID_TUTsCsGA,0
ID_zFrAYCAV,0
ID_psNcnvju,0
ID_rYMEBKVD,0
ID_nhGoKNeY,0
ID_zveglnOf,0
ID_LmAQuWYa,0
ID_FGPAUwEy,0
ID_pwOYgLui,0
ID_HLWaJZIy,0
ID_aEXxtsOU,0
ID_PAWXFbyk,0
ID_PdjnNaGz,0
ID_MURbYDNw,0
ID_VjyuWChx,0
ID_HKGUSUNP,0
ID_WhruSvDq,0
ID_PLraMuFL,0
ID_xfnjgmrj,0
ID_sGudNOSP,0
ID_JUBWIblg,0
ID_HHFFtlIH,0
ID_yfRWMVdZ,0
ID_uAliKlcd,0
ID_wNTWGNpF,0
ID_DYXXFkkN,0
ID_sbVEVdUG,0
ID_GsVQuJJP,0
ID_PaTSEGov,0
ID_LinFCsTb,0
ID_CywgDOCT,0
ID_dkcPllyu,0
ID_UdPnpOsg,0
ID_KLXOKgbW,0
ID_VKFtvOBy,0
ID_PtRnLGpD,0
ID_ElwEVnol,0
ID_wYhtICNy,0
ID_KuCfPFKh,0
ID_hsxcCHBX,0
ID_ueJPTQfs,0
ID_kVRtrgpA,0
ID_TgSgmUHT,0
ID_vkAZIzpu,0
ID_chPOfTIe,0
ID_COIMejYL,0
ID_HZVSpPKw,0
ID_zhEiSXAi,0
ID_TTRTUxPD,0
ID_ovhYuvzo,0
ID_nFJbpiDb,0
ID_WKDEfqtY,0
ID_VnzpvfbN,0
ID_oqjBpxxv,0
ID_mVRVUXvs,0
ID_stAEnCoT,0
ID_mVnHfpvj,0
ID_soODsaNk,0
ID_lqLTstWk,0
ID_QQREGGSU,0
ID_CIgjHCNw,0
ID_FpQJntOS,0
ID_VsjipGiW,0
ID_ognAYInR,0
ID_valHqOfi,0
ID_JeMlQGjF,0
ID_wTEPtQLp,0
ID_lKoUCtwN,0
ID_QvwANDlB,0
ID_BPdFRDjF,0
ID_VPulfnyl,0
ID_rCgUgtDh,0
ID_qJMGODgl,0
ID_kVTWMnNc,0
ID_JGdoedHo,0
ID_AKvuZDyP,0
ID_kcknvgXW,0
ID_bSzWgciE,0
ID_lDWlTCVx,0
ID_LKGBJocS,0
ID_fOLAyUJE,0
ID_cJxNkzDh,0
ID_mNVgGOIK,0
ID_wqjwcPRc,0
ID_glXuWhhQ,0
ID_hhYFvlLe,0
ID_NXrPBNNN,0
ID_WLQaEnvx,0
ID_IMjgejVe,0
ID_TbXuSGEj,0
ID_FIwTQUeN,0
ID_ChqKeMVk,0
ID_OacXRjUZ,0
ID_tidcGucJ,0
ID_UJTODqFu,0
ID_mkIIpJHf,0
ID_WFwaZgzE,0
ID_fIRwmRgf,0
ID_tESpOOil,0
ID_gNEClpQz,0
ID_tovUAEEE,0
ID_NXNiNaon,0
ID_MDEtZMMS,0
ID_CglLvXux,0
ID_TVBmYeIm,0
ID_Gvwmrddx,0
ID_hEtRhpLN,0
ID_lXrLWYHo,0
ID_hStazpAw,0
ID_onvcUVfY,0
ID_pLwdqAbA,0
ID_HUsCwQRU,0
ID_ZKdYyBBi,0
ID_BnkTQBBh,0
ID_VtAzCSue,0
ID_iUWWSsCX,0
ID_lsGReSht,0
ID_AqMPGfos,0
ID_ySEJdoXQ,0
ID_nLPmYQsD,0
ID_wXaZAYow,0
ID_uubZmbgT,0
ID_wkuwemnM,0
ID_sbCsEOZq,0
ID_TiGIKWEj,0
ID_JNKWJral,0
ID_YRCkmYQY,0
ID_vtqDvMsE,0
ID_LAnJahYv,0
ID_LSwnOBPo,0
ID_WUafswca,0
ID_yyQxADxG,0
ID_EKNeNdZJ,0
ID_nePzRZCj,0
ID_iDuehtfJ,0
ID_KdZLJPTA,0
ID_TkKZUfjk,0
ID_xgxKjZRU,0
ID_bXtYdKuy,0
ID_zZQpVhLQ,0
ID_ZNhTzKVz,0
ID_QLJuIzbs,0
ID_KAdYykRN,0
ID_pOQJMnAr,0
ID_stlntoEw,0
ID_IKPljgzh,0
ID_VUhCZFNF,0
ID_deOUxXZv,0
ID_EhhfMVtC,0
ID_vTZSeeSt,0
ID_zgXrFXzR,0
ID_slzYkpJT,0
ID_XzgXYChS,0
ID_EYaZWDqW,0
ID_pHclLsrU,0
ID_NglkOMmG,0
ID_tLtzUCnT,0
ID_tOZJahuy,0
ID_KFwybYMm,0
ID_BkSUTlsb,0
ID_KGZpwyfL,0
ID_aAfxvkjn,0
ID_RGANcWwx,0
ID_kSvTwoEF,0
ID_qbtZjhuS,0
ID_DpaLimGm,0
ID_MnbrvZPl,0
ID_lLBqsvRa,0
ID_jFRtrMWd,0
ID_UDzjdSEi,0
ID_LBYVSvPH,0
ID_tJrugYKD,0
ID_ormjDAzn,0
ID_KaQlqQFB,0
ID_OCmCmzrl,0
ID_onRAaPHR,0
ID_yhRAChBu,0
ID_cSowuHpH,0
ID_cFNVEEQu,0
ID_hClFDnkS,0
ID_zCRdYfvI,0
ID_rEcFVbOi,0
ID_EeELaOKy,0
ID_WdmVPhLf,0
ID_fROYwOBl,0
ID_DKUzLfMd,0
ID_zZQRYDpu,0
ID_aSZLdMHH,0
ID_lMECVxzv,0
ID_yrZmZTVx,0
ID_dIdfoEDK,0
ID_fwkEKHVg,0
ID_lwxhcjsx,0
ID_kQTYTgSn,0
ID_LliXhJPH,0
ID_QIpBKyZh,0
ID_QsuRTtCf,0
ID_MKBYLlWY,0
ID_QmuYxnlD,0
ID_IdqRvtfb,0
ID_FAOQNQIx,0
ID_jhOysgYH,0
ID_pWopmJZr,0
ID_CzREtnLG,0
ID_HLrfxVuj,0
ID_AVLwqgfB,0
ID_yRhZouFE,0
ID_gBeerLny,0
ID_HHGmItxZ,0
ID_vgJQRWRK,0
ID_hMIgYkpH,0
ID_RLnrUtDP,0
ID_FzkjQSkv,0
ID_QcmUMQlA,0
ID_henDuWiM,0
ID_pQtRupvB,0
ID_FKWMNWDi,0
ID_snyxaeOo,0
ID_jWSMzEcs,0
ID_dezrmuRk,0
ID_EZPdNAvZ,0
ID_ofAdfCxG,0
ID_EyEFoHEc,0
ID_uscQfJHz,0
ID_FpLQxBdk,0
ID_SwqNzCcM,0
ID_HbwOCOzY,0
ID_lWILfimT,0
ID_CoIIXOVW,0
ID_BNWucUZZ,0
ID_YrJSXRGG,0
ID_YApWJwcY,0
ID_VBTHWHkF,0
ID_sNBPIdpa,0
ID_dccqkUnv,0
ID_DgCodyVj,0
ID_sScdzVnL,0
ID_hiviyhSD,0
ID_pPswFNvL,0
ID_aPOwlEUv,0
ID_dLHPPqpL,0
ID_yCNflmJB,0
ID_GwgeQKns,0
ID_mhInCzBG,0
ID_FpaxOJyC,0
ID_PvNjcMfU,0
ID_qjczrlrV,0
ID_PVKUSqiF,0
ID_kNZpxtRf,0
ID_kQTwCWnw,0
ID_jPUsTVFI,0
ID_pzuferDk,0
ID_QXtgvgwE,0
ID_uucwECrF,0
ID_osjNKFPi,0
ID_IlAmurXw,0
ID_CEANBrZP,0
ID_NUTlQTvR,0
ID_RLTzbCcA,0
ID_UsjfEWAf,0
ID_pRSbPhgH,0
ID_nJnCkNWw,0
ID_RIHUNpwU,0
ID_XeyqzMNt,0
ID_seIbLAsR,0
ID_WAxygRVd,0
ID_KGvrHnXw,0
ID_SOoXnAJj,0
ID_zVLNvzpW,0
ID_RDwqTAtC,0
ID_waSkrFoW,0
ID_AlrHLTfL,0
ID_ybIbhXNy,0
ID_zGquPSEu,0
ID_qJfVWCOP,0
ID_rcxlsHao,0
ID_bLehjQUr,0
ID_UyQqHOLX,0
ID_LNklyoWc,0
ID_LewLJJkT,0
ID_NMumpBGi,0
ID_fYSFlaCh,0
ID_wyfstlLs,0
ID_LcXhRVjJ,0
ID_GAQXlKBV,0
ID_GXvzTEPK,0
ID_jbvpTFMI,0
ID_SzBBSixT,0
ID_FamYRVWk,0
ID_fLKNaGsG,0
ID_srkBMJCk,0
ID_doQyIOgW,0
ID_zjVQGsnP,0
ID_bAjIfkuF,0
ID_yXEPQQUc,0
ID_bPoQKGTr,0
ID_GunBjOTv,0
ID_EFJfvIqP,0
ID_OblgSWHF,0
ID_GxtdaYKW,0
ID_wNbeVKmI,0
ID_xstcvfAN,0
ID_RKAbgIcj,0
ID_yjRSwjzm,0
ID_drXjKZGc,0
ID_ZIjeXLQI,0
ID_PpOEyjbs,0
ID_SdmGZdKZ,0
ID_WRFnVOhl,0
ID_QQbUHVCR,0
ID_GdHRNYRA,0
ID_TFHXVSNU,0
ID_CMqsgcJf,0
ID_OCDsiVxv,0
ID_seHgkNJW,0
ID_EPSkiBdX,0
ID_JTDQfsPC,0
ID_vladEeIk,0
ID_EZERJdBA,0
ID_qEQSvubN,0
ID_VEGHbEhM,0
ID_BEwMmeao,0
ID_JQDteqFH,0
ID_zrIeqdSm,0
ID_VNRXplwE,0
ID_DhicsBPa,0
ID_rfHpyVXF,0
ID_yJkRGtWo,0
ID_TgUKwUnD,0
ID_ocntIvFK,0
ID_pzqlwrST,0
ID_urPETOme,0
ID_czAdfiGV,0
ID_thLOXctf,0
ID_kJcVHVpW,0
ID_TfdVAUxT,0
ID_aFKSdSQY,0
ID_ihkkKKyq,0
ID_pyogPqnR,0
ID_RklBmfPt,0
ID_yXKZouyQ,0
ID_VLgUaiQS,0
ID_eGZBbyxy,0
ID_gQdfTKra,0
ID_TxUjREqy,0
ID_XalNOiZF,0
ID_fOZUcJmF,0
ID_QOpWeRXE,0
ID_QPQeBMmQ,0
ID_BxYhamzi,0
ID_TFUKeoAv,0
ID_iQBEQKpO,0
ID_RzYJrTJI,0
ID_kDPxBFsb,0
ID_tMjLgxEl,0
ID_VzmYoZGF,0
ID_VBccwzCj,0
ID_qHIlJojE,0
ID_vvqpccxB,0
ID_FFQxOsgc,0
ID_ASUpLKkm,0
ID_lHPPkNEV,0
ID_gwrODHaP,0
ID_jSUWiGsB,0
ID_kniGoMNU,0
ID_bGvwTpyJ,0
ID_DdnfzJlD,0
ID_XzlFYsbG,0
ID_ZjwIjqDe,0
ID_NkHJsFRX,0
ID_cEojduEJ,0
ID_irAHEcwg,0
ID_tJEugRZb,0
ID_ZTVoxAMb,0
ID_WVLiogro,0
ID_rjvkDItg,0
ID_dlqJOQCp,0
ID_dCWGwwIy,0
ID_joxoKIjp,0
ID_NyWfWvhD,0
ID_unEDVXyQ,0
ID_yfwrxkOH,0
ID_VcdHeQsA,0
ID_NPonzNMu,0
ID_LtBMAYJb,0
ID_PrnLfJQb,0
ID_EXtzAfao,0
ID_pzlHEkEJ,0
ID_LHKbzeZo,0
ID_nomzAXtp,0
ID_cudNvNwb,0
ID_kvVyVISW,0
ID_ZSOazBWb,0
ID_jmkkZubz,0
ID_TLpkhWln,0
ID_KnyYIwqz,0
ID_aqPMjHVB,0
ID_KqmeBXoz,0
ID_CixbIKtK,0
ID_zOGarNYM,0
ID_EGqHnIYl,0
ID_TStswpyU,0
ID_xoOGwvyO,0
ID_DhoTEGhV,0
ID_FuAJrZuk,0
ID_FprzqWSr,0
ID_hMRlHRDI,0
ID_njqpuRDb,0
ID_boTswmXI,0
ID_ifkVQaWt,0
ID_NcDvNDKd,0
ID_IKrxKIOK,0
ID_zYeYcwuL,0
ID_JHRWVgTs,0
ID_EDyNSbsA,0
ID_XaFmIPGL,0
ID_OEqldtnq,0
ID_gjeRfhHs,0
ID_EXVHfygm,0
ID_xXStoxjg,0
ID_ghJOCkrA,0
ID_CNGXjwZH,0
ID_VxZzvQqo,0
ID_AfJfeFwk,0
ID_GyMlTGDO,0
ID_ZHSHVTwM,0
ID_qWpNDbzX,0
ID_MAANEHgJ,0
ID_XemRXrmx,0
ID_OaNhLjsY,0
ID_bYFQHxDs,0
ID_ODZWAqUY,0
ID_wZJRbFZi,0
ID_grHYjFYV,0
ID_gcWSSKLV,0
ID_glDSZVzm,0
ID_gbYDITHI,0
ID_nmdLetrj,0
ID_EGBrqAwM,0
ID_kaGEHdVf,0
ID_XKpgbecV,0
ID_EQLRDrDT,0
ID_ozWBLIJR,0
ID_PAcgOYZO,0
ID_EjkdlCom,0
ID_XqnbQqAp,0
ID_dcONyZcP,0
ID_EQScuJNC,0
ID_FYrPbYOB,0
ID_DKRrMTIF,0
ID_nTlPQSvg,0
ID_kIxkdefX,0
ID_sGzPlKpK,0
ID_IBfbKOBa,0
ID_iwzGypRl,0
ID_nWdAUEQU,0
ID_FAPmhuAY,0
ID_baNHpxVV,0
ID_JMhnzwoO,0
ID_kgmYUmEC,0
ID_lnKeANvT,0
ID_CYGFmYvU,0
ID_wMBHiHGt,0
ID_sKhimKAu,0
ID_wyARfMmp,0
ID_uZEYsRSt,0
ID_deqmPonE,0
ID_xeuMzLvK,0
ID_zcYFrywl,0
ID_rMPaQkTy,0
ID_aQOfcmhB,0
ID_DLvZHLvp,0
ID_HABFBYpB,0
ID_FDMwOSeV,0
ID_nJoLkGZX,0
ID_fELDPDAW,0
ID_CcJHuTjo,0
ID_SFBHycjE,0
ID_gDiOEkmw,0
ID_wsiLDtMH,0
ID_mourypgr,0
ID_RwOMHHEU,0
ID_narBZJmi,0
ID_iLyJppGC,0
ID_hKHXBxCz,0
ID_YHIKMksw,0
ID_BvEQgoDR,0
ID_vUstacXx,0
ID_UpuJafHO,0
ID_JoMbufmB,0
ID_ZFuGjeTS,0
ID_aTXrYQdb,0
ID_RyxJrMLs,0
ID_VvueLeXs,0
ID_VhXezJwu,0
ID_BlXeAayD,0
ID_LRJhdLMC,0
ID_YWboBZGp,0
ID_SiuYGeJj,0
ID_JQGOwUQF,0
ID_YbmWAFXg,0
ID_WDbPMpwT,0
ID_OGWnyMlh,0
ID_qpyJGUBP,0
ID_NdLGpFfR,0
ID_JdAuseNr,0
ID_syUyBvZP,0
ID_FsYAYAhS,0
ID_XOFmKPND,0
ID_YJWEhTaa,0
ID_EkrPEecu,0
ID_sVhumkfV,0
ID_fXoOgxjJ,0
ID_cXadcmfJ,0
ID_WWSgqjdE,0
ID_TriAkgMm,0
ID_pGnDivHa,0
ID_KtCsTMKr,0
ID_bsZHVlXv,0
ID_WUOkUwwf,0
ID_YzeysnAc,0
ID_PuQeobvZ,0
ID_hThnZCyz,0
ID_qzNWdKIJ,0
ID_vEIyNiZn,0
ID_sHHiLxfU,0
ID_dgaueeeX,0
ID_lCXmLfmq,0
ID_hOKGTPja,0
ID_HbOdDdyg,0
ID_StCYCfVk,0
ID_rpFHblva,0
ID_VhhTBzTF,0
ID_ujbQKhIU,0
ID_ZCtEpZCk,0
ID_sulDammJ,0
ID_CPKtFZaR,0
ID_KuLhzWFd,0
ID_bpSVOsKO,0
ID_FjIhyfsH,0
ID_uWYKqJAW,0
ID_YFDXZRgE,0
ID_jJEahHoF,0
ID_cwQUCpwy,0
ID_nKLNZcqp,0
ID_yNsXDEfz,0
ID_JPyWyQLW,0
ID_VQVXwlIt,0
ID_UCGsoOHS,0
ID_RopQxDXZ,0
ID_lNPooMVl,0
ID_EDAoDyIv,0
ID_RMaDGQuD,0
ID_dMhYNZZR,0
ID_lFSOxaNx,0
ID_ybMxkxZV,0
ID_QqEMCkAc,0
ID_YSQlEKZV,0
ID_jmtQRCOY,0
ID_ocpxnydj,0
ID_jexAiqDe,0
ID_QYXYSuLu,0
ID_auMHbTKe,0
ID_qjoTqjpB,0
ID_VSNmotPr,0
ID_zozcwLLU,0
ID_GrhxLCTh,0
ID_zNnmYDWm,0
ID_eBNGmFhI,0
ID_EhSTmABg,0
ID_cBlwWNWz,0
ID_GMcUCUJU,0
ID_pgaMhSKh,0
ID_gGIiPoOj,0
ID_MkkRzyLn,0
ID_olXThIbh,0
ID_xQlXpxbg,0
ID_GIKNVgRp,0
ID_xrkobBcb,0
ID_UcsxYisz,0
ID_REFshJKC,0
ID_rvqaVRHA,0
ID_AHvIRjeh,0
ID_wqKXqbtM,0
ID_jTLEIeqt,0
ID_xqhxQBdP,0
ID_HSrJnkVd,0
ID_kxjFWBLj,0
ID_rcYfJwCH,0
ID_YIAWRiBY,0
ID_kFqfXNAN,0
ID_tRPEEWjv,0
ID_LpOkqwLZ,0
ID_OKsyyhrG,0
ID_LwInCsYp,0
ID_CbgctKML,0
ID_bONiJkur,0
ID_lWlXlFEO,0
ID_TrQhTIUy,0
ID_dbmAyyLe,0
ID_xtyhCtxH,0
ID_dzhVCPuL,0
ID_BKJEBwgX,0
ID_wNPrcUsS,0
ID_LKtncaSg,0
ID_slUiggEX,0
ID_PFHCqopi,0
ID_xJLaOzLD,0
ID_OOqesIpy,0
ID_TGVeLEMJ,0
ID_LfMpvMot,0
ID_avynqpJP,0
ID_etwNJxUj,0
ID_oxspquKj,0
ID_sEqtnfDW,0
ID_LvxxNTeS,0
ID_ahSCHoPx,0
ID_cENBamiv,0
ID_FywWiWlK,0
ID_ZjBvbqjY,0
ID_PYfqbLRq,0
ID_JOFCTLCh,0
ID_mrOkHHcP,0
ID_ZxPvScuj,0
ID_UVmhxYif,0
ID_JNpdXijw,0
ID_BTasVoaC,0
ID_jPybEaJO,0
ID_YyhmQisb,0
ID_uSjjtZZr,0
ID_cBizblZR,0
ID_YGbcGvHk,0
ID_CpQBZOyC,0
ID_XrShiUOR,0
ID_RMeITnQK,0
ID_VmBxCIKr,0
ID_ImIcJtQb,0
ID_hAyCcvcX,0
ID_xgCwgBUb,0
ID_CxJJsLWy,0
ID_YFaHETDx,0
ID_UynlVRwv,0
ID_ymTyMmjM,0
ID_GCQNwZlJ,0
ID_pAjlMedT,0
ID_hwqLKxjS,0
ID_OyDyWTHy,0
ID_zHNXiztZ,0
ID_tqsQKwUZ,0
ID_wiexWbUA,0
ID_aVCSfsld,0
ID_jnSwYhLG,0
ID_ySZQxnqt,0
ID_AIKcbOfb,0
ID_jhLLtjOR,0
ID_zugAGnHl,0
ID_RvwMvLQs,0
ID_psNeRrVV,0
ID_ZFoXFGmB,0
ID_ZOLSQtWz,0
ID_YyuDkpXn,0
ID_ZeeiXAWi,0
ID_xtUvlTgf,0
ID_hPNwXFFY,0
ID_QQahHNAV,0
ID_fkitsRRl,0
ID_hueGTmMt,0
ID_CdDTHUqk,0
ID_AlJBCPkP,0
ID_bCBaAcnt,0
ID_cSVjFSUm,0
ID_wqdhVfcN,0
ID_XmTstpkF,0
ID_xvjuXMaZ,0
ID_czTLreXl,0
ID_clVMEmUf,0
ID_BosFrveB,0
ID_AyblvLdR,0
ID_OIgHBNIW,0
ID_amCLNrPy,0
ID_LHNOtrMb,0
ID_iueSkriK,0
ID_pkDleEVH,0
ID_SbmIAfLU,0
ID_CgKSWKYb,0
ID_uolDNIjd,0
ID_XuHJSZie,0
ID_gsmsYqPn,0
ID_FvPxqpSS,0
ID_FriqSibe,0
ID_PohvzQIB,0
ID_BcSnVfRh,0
ID_bJbwrhZz,0
ID_uCkGhgde,0
ID_jfDIdfZt,0
ID_TfzBzcoA,0
ID_zkZRTwzf,0
ID_MoZCUOZB,0
ID_gqQHJuzp,0
ID_UoQCqZmI,0
ID_imMrPutZ,0
ID_hZjAFlXw,0
ID_VkMXLGPT,0
ID_HtwSVzDZ,0
ID_leTMfXUj,0
ID_rYwDdWQK,0
ID_SwtUayJS,0
ID_GmMwAugE,0
ID_kyjyjYLO,0
ID_YFHzVVCT,0
ID_fQwZFLUx,0
ID_EgaVcYwX,0
ID_cxZvjbPu,0
ID_MJuUMZyt,0
ID_ncFHwNIH,0
ID_KFesXRDl,0
ID_XsripoaT,0
ID_YsXLKtmM,0
ID_NLJiEwoO,0
ID_ngijPqdo,0
ID_XyreVsgj,0
ID_qHqSuYic,0
ID_qUQGLFex,0
ID_iqVdSNgX,0
ID_oTBovtie,0
ID_thYlixXK,0
ID_GZUPhRlK,0
ID_JlpTYKcG,0
ID_pJoNZJtl,0
ID_mZgXZeQE,0
ID_DTMEnEdH,0
ID_NUKIhsgn,0
ID_rsYkWJra,0
ID_PwKvaxmH,0
ID_smYbRimw,0
ID_tutmEaGk,0
ID_hovstmhc,0
ID_LheSlrOI,0
ID_fYgdWalp,0
ID_JHAWrXKh,0
ID_HTKcvJEx,0
ID_zItlmrOm,0
ID_bDnVCaKv,0
ID_dmBHtbhr,0
ID_fToqGPvv,0
ID_DZqNRWnr,0
ID_WtMenvcj,0
ID_jZyNSpNc,0
ID_ZOEROFSb,0
ID_kPsxohuj,0
ID_UvVIghAl,0
ID_LpZUSuBA,0
ID_GpcRKfyH,0
ID_UonxTQQn,0
ID_fBtjurdR,0
ID_INzoGhPY,0
ID_jcFunjPY,0
ID_ZwcaTnqf,0
ID_gccYtSMg,0
ID_AcdMnksw,0
ID_hgMswTZw,0
ID_qSnuhrkt,0
ID_OOOsHWoP,0
ID_hXqKepCe,0
ID_GhhVCzBq,0
ID_fOefcokX,0
ID_pclxWegZ,0
ID_NcYwrVRH,0
ID_esfbRjjF,0
ID_yvSOCgna,0
ID_MpZyWEOX,0
ID_flpfjsmb,0
ID_tjSXmVNk,0
ID_OMNYkEIy,0
ID_QANPUMpl,0
ID_IfSDDLYR,0
ID_nCCSxaEi,0
ID_DndKIZqY,0
ID_zwUBSGbf,0
ID_uXEfTDnn,0
ID_sNZUcIVm,0
ID_vlEFUvnn,0
ID_WCanEXBM,0
ID_tiYWkmAp,0
ID_DpTWzcUQ,0
ID_ssWomtDB,0
ID_BohVENfz,0
ID_KDxkHiLy,0
ID_bcYNkgIN,0
ID_MxGIepUF,0
ID_HXQnVmeF,0
ID_yxscVGOZ,0
ID_ylXOkPqo,0
ID_BEFtofXv,0
ID_KESDyWca,0
ID_mVjrzOHk,0
ID_VhmsvjIU,0
ID_SFAWzLMJ,0
ID_WqNPPEFX,0
ID_PgcFMugx,0
ID_qSJkDyOr,0
ID_MQkbuMUo,0
ID_TsimXFar,0
ID_cXYHreYm,0
ID_AfBwXuCV,0
ID_rCaZSSWi,0
ID_cgCvlDxX,0
ID_laLtwIUq,0
ID_QwoDoToa,0
ID_reLlKvxw,0
ID_vMXVPOlI,0
ID_aBRVaSae,0
ID_RZhsXypL,0
ID_UvPzDwis,0
ID_YKmHMpas,0
ID_GRuFRYou,0
ID_qoaoteSt,0
ID_bzsNBYmV,0
ID_CTTZAZfR,0
ID_FmuROgJC,0
ID_sYmdiXRa,0
ID_MYqjwnQD,0
ID_wPCMYTZR,0
ID_RJVEIwfc,0
ID_ByxAWOdR,0
ID_pRchNJYB,0
ID_iQexolSE,0
ID_NnnbRTYB,0
ID_zfGDidTS,0
ID_BWVJdkVP,0
ID_gfdumaqp,0
ID_VwcUTCeo,0
ID_FmvpuQse,0
ID_MkcMgfRu,0
ID_PVegZuwa,0
ID_DDjmNOTM,0
ID_PigvVIby,0
ID_yFjCDrVA,0
ID_StlEtagy,0
ID_sKeWyCyH,0
ID_VkEDudeO,0
ID_yNjXCCXI,0
ID_ZGmQGRzd,0
ID_cLOHpIBJ,0
ID_AodkhYRt,0
ID_eZwsGItC,0
ID_IZEHTzYV,0
ID_lMqmZvRa,0
ID_LZzSEyql,0
ID_tDKdlyIp,0
ID_XlsNKAFt,0
ID_NMZyqXxG,0
ID_GcvZHMpV,0
ID_OafgUgoT,0
ID_CYRtOGPO,0
ID_hYqHqYAg,0
ID_fsCJyhTO,0
ID_lDXDeeFa,0
ID_BxHiNDrI,0
ID_TjenreEG,0
ID_IEksaQXM,0
ID_qnLNvWFx,0
ID_qLxMWTkM,0
ID_HBNpnvUZ,0
ID_iKiUOnxv,0
ID_tJiJWWXl,0
ID_sDuwKLzO,0
ID_bdSKaOJK,0
ID_wqPHpuOc,0
ID_CLXaPrNb,0
ID_QrRwQknn,0
ID_RXuALodB,0
ID_jxXeXnFi,0
ID_cMSEGsHg,0
ID_bfxWywYo,0
ID_wmtGqJhQ,0
ID_QOzIeZdC,0
ID_bVYYuFid,0
ID_qOKoIyyy,0
ID_FndRfVnU,0
ID_KXpnCDwN,0
ID_GtPBXzPj,0
ID_ZWUBlLEM,0
ID_HYKIxnBu,0
ID_okEkfnAe,0
ID_XrStDeOO,0
ID_YhsJOWtW,0
ID_JNhrweEl,0
ID_yrmMguaS,0
ID_VOhwZdwH,0
ID_HrtjPEtq,0
ID_IevaFaTt,0
ID_rgRZEnPA,0
ID_SQtTYemL,0
ID_ZatiwGII,0
ID_FJnpIXVR,0
ID_ngfDoWmn,0
ID_hzypaohR,0
ID_ZdwHymQA,0
ID_usRDEgmQ,0
ID_YHFOVqwC,0
ID_lgTEAiDd,0
ID_nAjKhjTu,0
ID_jWzpKzPz,0
ID_GqLLjblq,0
ID_OEExTzaS,0
ID_NzkVrptk,0
ID_huwJvISb,0
ID_cKUqeFyg,0
ID_tOdekHvB,0
ID_wBtOtfCf,0
ID_uAWJOhuS,0
ID_bLEoQEVU,0
ID_mFVFSCFK,0
ID_OzspquEV,0
ID_DnabFBLE,0
ID_HpQYEphn,0
ID_tCATsDwN,0
ID_YfSUBUVp,0
ID_HHBjPhoU,0
ID_KZYPCgGh,0
ID_AtAkmCoe,0
ID_FfdgRLCT,0
ID_ubHfiruq,0
ID_ULwcCqbN,0
ID_juFACxvD,0
ID_oHEthiZR,0
ID_qTVPEIiy,0
ID_HDxTODit,0
ID_HzRZJDrd,0
ID_pQcONPeR,0
ID_YPhITkcN,0
ID_fxSgrQnM,0
ID_IkOOpGsI,0
ID_hBrMgwwq,0
ID_OugzbOZk,0
ID_pOIcdFkC,0
ID_GeZCgcKj,0
ID_nYXzHPin,0
ID_mJuwxGoO,0
ID_ChulUMgK,0
ID_RCAmFtKJ,0
ID_amRblfnh,0
ID_zlXxCkix,0
ID_hOwucRGz,0
ID_JiTReZpW,0
ID_OnCGwgzR,0
ID_IWOxVoAm,0
ID_paMcvVYM,0
ID_xombvOQg,0
ID_TwaSlXJm,0
ID_RcQYHUTi,0
ID_fDqjaXdi,0
ID_iyLXgbPc,0
ID_APGvQRKj,0
ID_ZMbPXTGw,0
ID_XbItEoHW,0
ID_oxXzfdXG,0
ID_hOvIMmyv,0
ID_nljYRQtY,0
ID_HpjAEWZx,0
ID_XXiQeITn,0
ID_ZbzYFqMO,0
ID_aCHXPvoB,0
ID_vsOoFEml,0
ID_onmSmseC,0
ID_hOQwyDjt,0
ID_bESwxYfc,0
ID_wUxzHoQg,0
ID_InjKVule,0
ID_ipQKBkzr,0
ID_ltErzPAR,0
ID_RJIkSDAk,0
ID_mWJBQPNE,0
ID_JUlbdNGP,0
ID_oCOfnEMu,0
ID_NtjsZrzR,0
ID_RBKuxpux,0
ID_cAyxVUpu,0
ID_xdPnALIA,0
ID_bmAEXorl,0
ID_cTIRRkYG,0
ID_HkCUcMUh,0
ID_NWpMcmtl,0
ID_AzSpGpAb,0
ID_DCfdbPiI,0
ID_UcaGHihZ,0
ID_jQdXvinJ,0
ID_zrwYLIsu,0
ID_Sfosnexu,0
ID_EtxwMIsv,0
ID_vyJcgcBM,0
ID_dVjRkSBO,0
ID_typqYSAk,0
ID_JYsWMYRG,0
ID_DhSdeeJA,0
ID_MsfEHeml,0
ID_hpElDhNs,0
ID_CDlbulVq,0
ID_ePshkCMg,0
ID_sKXMeMIv,0
ID_YXjGMNan,0
ID_WaTpbvKW,0
ID_FrmSzUKe,0
ID_adVfrUoq,0
ID_rvLxxWUL,0
ID_xcTFSRHN,0
ID_YOJcpsJm,0
ID_EuSgxQWS,0
ID_YiMkMKxS,0
ID_HfEWlTWp,0
ID_hDSThnOl,0
ID_tFpcBPSn,0
ID_sRvbsATd,0
ID_mcNuCngA,0
ID_BkzlVmQI,0
ID_lBWwWTgN,0
ID_OdSbJwdh,0
ID_YhVnsKRt,0
ID_yUukijba,0
ID_zAmtvPWJ,0
ID_TabXOcoP,0
ID_AJABCnhq,0
ID_ujjmrTvx,0
ID_BrkeMCDn,0
ID_SLuMhMPW,0
ID_YpqRudmJ,0
ID_cPBhhnHA,0
ID_caZTqroq,0
ID_AUqoDDwB,0
ID_sBDEGODo,0
ID_RDNkKZMK,0
ID_jCOhDfXA,0
ID_DoqZSScH,0
ID_vcARmwAb,0
ID_JcdnHCUs,0
ID_OCHVtccx,0
ID_fdARSTbG,0
ID_GvuFYXPG,0
ID_WHKnTcKl,0
ID_UrMGjiuQ,0
ID_OxvfmNja,0
ID_OFcUptJt,0
ID_xNYCTuVd,0
ID_CPdNvrzG,0
ID_zDGBTYZe,0
ID_gsQEaQGM,0
ID_beKqdOjB,0
ID_nKTHFrJE,0
ID_aWDOnwzI,0
ID_dowYGszj,0
ID_IcsWTXlg,0
ID_sJkrKASE,0
ID_VrPtMgdy,0
ID_oBOuBLWq,0
ID_iptARcDs,0
ID_fJHHHaEa,0
ID_WqrSUFNR,0
ID_AyVkaSTk,0
ID_KMmoYQMB,0
ID_QacrxZes,0
ID_IaasfWpU,0
ID_NJgWiRVz,0
ID_xHDprkuy,0
ID_FWHEaemK,0
ID_jUVOvrLA,0
ID_IkkEIoLa,0
ID_oQprJUlm,0
ID_WVvCFUXh,0
ID_tBohylao,0
ID_yDKvaZoO,0
ID_EtppeEco,0
ID_pkWxptGN,0
ID_HWpioUkh,0
ID_mBUckTWh,0
ID_DUbuRurV,0
ID_sDHRZzMV,0
ID_RBqUvpZR,0
ID_RtocscGv,0
ID_ysdehqhu,0
ID_UOXLZtDm,0
ID_YhfAGihT,0
ID_DxqoFqdy,0
ID_tdtejMIw,0
ID_FleIjUts,0
ID_dpnOcLMM,0
ID_UAbfhdZh,0
ID_DUneXvXs,0
ID_aEpPXpOB,0
ID_IXTfdUyb,0
ID_WybUUAVV,0
ID_QHBHDGpm,0
ID_ohzLgqpV,0
ID_vfecodqg,0
ID_WijKcAvB,0
ID_ENMRBMbF,0
ID_kJpUXvRd,0
ID_tpRnSvKm,0
ID_CpUBfVOC,0
ID_gqgBctVP,0
ID_HrYNmpOd,0
ID_nIJVtlqz,0
ID_YkEZmUJf,0
ID_KGrGbabW,0
ID_DryKIJsk,0
ID_WzywWhzJ,0
ID_FeJoepwA,0
ID_NXAYlHbE,0
ID_ISulvPFM,0
ID_YJnlmizA,0
ID_nKdoJiqN,0
ID_LiSePTlz,0
ID_CxayAuwe,0
ID_QDsbwcAs,0
ID_AChdWHyF,0
ID_QUrmtOuF,0
ID_grWfuyYt,0
ID_uLhJUDux,0
ID_ygHJzmVc,0
ID_SjsSjPrE,0
ID_DJWjVAIj,0
ID_liTPibGB,0
ID_GWyQfKBz,0
ID_RdOLmqFi,0
ID_QqsmJMQq,0
ID_MsLSjwKJ,0
ID_VnxglKAh,0
ID_lhjcmpjW,0
ID_JfnkdglB,0
ID_ZgJFITPl,0
ID_pTaEzCHL,0
ID_FUCGgpit,0
ID_ASIVFemS,0
ID_MKRqWbnS,0
ID_HTrTqKqR,0
ID_ltddYhbB,0
ID_eojkhFYo,0
ID_PIstZqVa,0
ID_NjsQcxza,0
ID_dKRxtohg,0
ID_AjrvFFDc,0
ID_vlcWYJio,0
ID_JYbvgPnO,0
ID_MpVmvVCm,0
ID_RiksOSLT,0
ID_JlnRISLg,0
ID_mJmEJiOi,0
ID_bLWILICI,0
ID_MiRXjNlt,0
ID_TUCXkRnI,0
ID_TwlMGPNc,0
ID_vHnDZHba,0
ID_cLXHYOYk,0
ID_oWseYkFt,0
ID_oTHoWhTk,0
ID_xGRMONmz,0
ID_FbdIZoTt,0
ID_mpAZYwgK,0
ID_SzySjlHY,0
ID_fmGvimzY,0
ID_PaHBilKo,0
ID_yKPTJepc,0
ID_HifkDsnc,0
ID_ahfilwWr,0
ID_KYLjMyyf,0
ID_KnsiaHuq,0
ID_XxBVoHbV,0
ID_oHuwvhMe,0
ID_WmeJphMw,0
ID_SBqFEVER,0
ID_LUcQWteC,0
ID_cVLAhntI,0
ID_LlpiBwKG,0
ID_SYWcylEH,0
ID_AFBqjFUm,0
ID_TSIRAPbj,0
ID_CndrDSYV,0
ID_CryzeFkf,0
ID_SkcgefCS,0
ID_uSwwguGe,0
ID_NLhNJOvh,0
ID_wTrwJVeG,0
ID_EpapJRKX,0
ID_KycREhkQ,0
ID_ivqFPNRw,0
ID_RFRuyJCP,0
ID_LmkLvQMe,0
ID_QmOdHHOU,0
ID_TTYMqiJo,0
ID_BTwouuWA,0
ID_qEYcfQwE,0
ID_pmZzebvL,0
ID_dMEqHcZx,0
ID_CfMyZQfP,0
ID_jQOtxceL,0
ID_kWumtYtn,0
ID_TcqRNWuS,0
ID_jhncezsO,0
ID_rSsWSPXg,0
ID_YSySCHpV,0
ID_jvHhcoMb,0
ID_zIAGMnAB,0
ID_YdBlhpdc,0
ID_qpxJfXRL,0
ID_BhbaigIK,0
ID_gCwVDgBj,0
ID_CXqMyXyj,0
ID_qkvJxFxY,0
ID_JNvpvFqC,0
ID_ySioZzdh,0
ID_lOJIweaI,0
ID_rBkZyTRt,0
ID_XsGRLNPH,0
ID_aJnOCOpp,0
ID_nVFUqWTi,0
ID_HQnKPcGn,0
ID_NVhMzFXX,0
ID_QKqxPaEi,0
ID_uNAdUEVe,0
ID_cGhfZZty,0
ID_pULkOmiC,0
ID_TUYMdNhc,0
ID_GEHeoLdV,0
ID_QecsiPZk,0
ID_eCcTXsOw,0
ID_pAWWjxar,0
ID_lkKIOjhB,0
ID_zfvjFVpA,0
ID_qtdHyQoi,0
ID_kWeIZETn,0
ID_HeopfCXh,0
ID_KgHRRiSV,0
ID_qBkhqsGF,0
ID_QhczIftU,0
ID_zeGJlkSu,0
ID_eOWVoWWu,0
ID_ZVIXcxOu,0
ID_COClCjJQ,0
ID_uJSPHACN,0
ID_VfTezxvN,0
ID_trDyqLRL,0
ID_aoswLzSV,0
ID_IFRvqOaJ,0
ID_ICifKKBL,0
ID_xrWWPNmj,0
ID_VZRwUeFq,0
ID_vUGQYqOR,0
ID_ZmiODtVR,0
ID_ydVwbXDz,0
ID_LDCOnkqF,0
ID_CqiSCtPV,0
ID_PWGMNGVr,0
ID_TFAVDceh,0
ID_PEPGmzsr,0
ID_RbAdeNSY,0
ID_iRwldnHn,0
ID_FXeWTwRU,0
ID_zIHtgFRV,0
ID_DrqeSiEx,0
ID_AhFwOltW,0
ID_lycTcYhM,0
ID_ifJCTNAs,0
ID_wNyJmWvS,0
ID_GcJfvbaQ,0
ID_LIKfBtwY,0
ID_yYFXxCge,0
ID_uNOIwNhO,0
ID_eIwLLAac,0
ID_ooalLvTZ,0
ID_BGbenoGo,0
ID_pndoyWJJ,0
ID_QIHuBCyM,0
ID_grCOkNSA,0
ID_BvVnyqmj,0
ID_LiDCRPzZ,0
ID_jZpActhH,0
ID_sPhNQBJW,0
ID_rzKXoPnF,0
ID_jnLhrniD,0
ID_ESvTpIfr,0
ID_cJXtfmbB,0
ID_oUQIMWRo,0
ID_ffEzDxPm,0
ID_WyseqKUH,0
ID_eqRnnnwu,0
ID_MNOHSBbT,0
ID_kIppGvRi,0
ID_xqoJsJKM,0
ID_GIomvGRt,0
ID_EVSSCXJw,0
ID_NOfldbpA,0
ID_ygeSCBRO,0
ID_wAcaCYNy,0
ID_PVzJoMtI,0
ID_prmGLgZP,0
ID_FRbWdzMh,0
ID_QGnwlflt,0
ID_DIdTpvMe,0
ID_tFRqUZco,0
ID_pcmEIxBl,0
ID_vIhKmRwN,0
ID_pLUgVyeH,0
ID_CdWcijJl,0
ID_axIknUbN,0
ID_UVbocAAm,0
ID_FWdflQIK,0
ID_piAmtzAY,0
ID_UDCVOnCH,0
ID_gJSvVhEr,0
ID_hkWjSssL,0
ID_uumoVCvV,0
ID_VUKGaAgV,0
ID_EdTYZYge,0
ID_PvlcrCok,0
ID_eHVCmZXK,0
ID_EJmdyRur,0
ID_zvFwqKdQ,0
ID_MUYLtAKc,0
ID_KMooSAKa,0
ID_bWQdeWNR,0
ID_MWZUQnCM,0
ID_XiEMFyMa,0
ID_CVzGsOuO,0
ID_xFIFTiLS,0
ID_IOPIXltN,0
ID_QhJIBYGk,0
ID_ZVSLwcRp,0
ID_pKeaTwDv,0
ID_QPhzIetV,0
ID_EvcvGsQA,0
ID_zdYWgMqr,0
ID_iBiqzVDI,0
ID_MCpEfmhD,0
ID_wXgLOuoi,0
ID_eZFdwsjt,0
ID_pVNDmdvw,0
ID_QKpNJcHO,0
ID_WsGHGjsN,0
ID_zMeHcpcz,0
ID_SBKkXHoN,0
ID_PcOqKrQC,0
ID_FiFVgVuP,0
ID_rYycHYxv,0
ID_XggWnTYO,0
ID_lSDGJkwy,0
ID_bmlYhUsa,0
ID_aehATTid,0
ID_ZfqafUaN,0
ID_IGwkPbzS,0
ID_mMWftLEN,0
ID_rJUdPYiU,0
ID_kJVsqYzZ,0
ID_oeOdWRvQ,0
ID_QirOOWdL,0
ID_PhdUCbqn,0
ID_sdBNAZih,0
ID_pmBMamwD,0
ID_djIcffpK,0
ID_owjcQGPd,0
ID_qvYrwCvT,0
ID_HTPkSFRo,0
ID_AhfoTmrj,0
ID_RVUKvoRO,0
ID_yDIQhILx,0
ID_DnqnGCaB,0
ID_RsZreYVo,0
ID_nmRGQIpW,0
ID_rzaccETA,0
ID_BbAVYJWg,0
ID_eeTkhQOH,0
ID_wgCCgaby,0
ID_xmDiorhk,0
ID_tCPyDTdD,0
ID_PhitfoNL,0
ID_LVWIjFdm,0
ID_OrbQRnPj,0
ID_EqkcTFYx,0
ID_AfsEascj,0
ID_UbkZRhxv,0
ID_IjyeBWgN,0
ID_UwtxHgJc,0
ID_XXzYQirc,0
ID_UZqVSmVe,0
ID_APOggBrx,0
ID_gyBFDePf,0
ID_yywqwaOb,0
ID_THjJngej,0
ID_pKInlVdb,0
ID_TUVQUGXX,0
ID_RoozAlou,0
ID_DDKViBXN,0
ID_uuxVMwSY,0
ID_rBJacBWa,0
ID_gLkgUHbB,0
ID_LotTxUMq,0
ID_JjpVofAP,0
ID_lCtZCTRl,0
ID_xZObdbeG,0
ID_iadDIxXq,0
ID_rQtCpiGE,0
ID_VmAwMDkB,0
ID_PRtwLVFi,0
ID_qVXUFpSS,0
ID_LpvGGXIq,0
ID_PSHnxOgR,0
ID_eFQnDgwd,0
ID_DBtfWQDs,0
ID_RjpKCxDH,0
ID_cVVkZAPr,0
ID_CdAwaiVz,0
ID_XeSmpxJr,0
ID_aTXEWakm,0
ID_wXIaEMNT,0
ID_oYggYFTH,0
ID_PNzDqfDW,0
ID_qXyjECMK,0
ID_UJyApwZZ,0
ID_EOaAlRCv,0
ID_ttfSZgep,0
ID_kmeGuomH,0
ID_bWgMNhZr,0
ID_wIaWBgLw,0
ID_nSwyQPlw,0
ID_HcrlrGvX,0
ID_sZdVoqfZ,0
ID_UNoxtdqg,0
ID_IoFOJvVR,0
ID_SUsPwPkl,0
ID_GdMjfTkT,0
ID_cyBfqBNi,0
ID_pwlSlIke,0
ID_LFWQupeV,0
ID_VziPKviH,0
ID_bhXtXWhk,0
ID_QspMgASw,0
ID_uAiIOaYN,0
ID_zdGryzYp,0
ID_bZnIjkuX,0
ID_uEgEmvuT,0
ID_fEWkBICZ,0
ID_attQlaNA,0
ID_ptgLZzxf,0
ID_qsttmOai,0
ID_YNcZlBpx,0
ID_qYsgKmTO,0
ID_EuGkIETi,0
ID_JgmzowhI,0
ID_BiFaIgbg,0
ID_jkrAHriO,0
ID_KCLTapHQ,0
ID_ejyGVSrF,0
ID_LpLvRDWT,0
ID_QlUMRque,0
ID_LXrONIRV,0
ID_PIwnzuyd,0
ID_cANlDaZO,0
ID_TAAfZJyV,0
ID_eiXcdFOO,0
ID_RmXZHZJp,0
ID_XWiTXJkN,0
ID_izXlPjgl,0
ID_bzmlLnOh,0
ID_aSgxmogA,0
ID_KwiMZmMQ,0
ID_ekjMBMrV,0
ID_EVOgTsQn,0
ID_lcUOkllr,0
ID_EnpDFOFm,0
ID_SXfGijZF,0
ID_SSQDcDaJ,0
ID_mcGPqHue,0
ID_nHFRLzdh,0
ID_aBNfEhzW,0
ID_gkIvOOfb,0
ID_ppUioFoc,0
ID_evRUCOtH,0
ID_ulHZPwSc,0
ID_zmYVAifG,0
ID_zrkOPkgn,0
ID_rTkcAiVJ,0
ID_RzpoouoQ,0
ID_KwMKnoLe,0
ID_ElIHbTMA,0
ID_GaWEfIxA,0
ID_vMEOzWpO,0
ID_ejoMBMDN,0
ID_ZgaVEron,0
ID_SRoYIhzr,0
ID_LtjErTIl,0
ID_SMMyLAKa,0
ID_jiXbGHor,0
ID_tVntisKJ,0
ID_lCrxSbIK,0
ID_gJVfDoEx,0
ID_bOIPEyKy,0
ID_bzirbtfn,0
ID_OazTVSlA,0
ID_sWFoHOQH,0
ID_oWpcZsqq,0
ID_TieOXJQd,0
ID_dUFqqdsG,0
ID_zoWQcLBN,0
ID_YIESTJZu,0
ID_xamVyiZS,0
ID_HGIWysBy,0
ID_BgfYeSiL,0
ID_uBVcapHc,0
ID_nZyuFIgF,0
ID_ZEwTxinu,0
ID_vHuMNflZ,0
ID_sTGSJyjH,0
ID_crdknUCF,0
ID_IRaymYtl,0
ID_SxbBQqsL,0
ID_REHiIsKZ,0
ID_oFfCNSGb,0
ID_BuHNIrVR,0
ID_rmLHNDti,0
ID_EiueYCkW,0
ID_EkUfeipa,0
ID_iBdTAmci,0
ID_wmbPppOG,0
ID_bRyQYeUY,0
ID_CQhZKFRf,0
ID_SsEkpxOe,0
ID_qwXXxknl,0
ID_jWeaGYAK,0
ID_JJkbQOYq,0
ID_swriqiwr,0
ID_JzAPFVHQ,0
ID_cambARWW,0
ID_EnsHyEea,0
ID_yOgvwbqr,0
ID_CpJLcNwz,0
ID_byXUGlwR,0
ID_JvQldSCF,0
ID_kgmrAufo,0
ID_DfXnAejn,0
ID_IWebzQOn,0
ID_QLAdSgJN,0
ID_hSkiMgGZ,0
ID_QNBQESXF,0
ID_skTzMUyQ,0
ID_EsqwPotY,0
ID_PWpKJnXo,0
ID_TmiZAIjh,0
ID_FwRpjPva,0
ID_NqyteWMF,0
ID_ZfOnUCco,0
ID_NTWoTqkn,0
ID_PaSiWhwA,0
ID_FHFnUqii,0
ID_QhxcmJST,0
ID_VQoPmZMU,0
ID_nfNsGhxd,0
ID_DsPZHVGi,0
ID_OUZEWGCN,0
ID_acsjZSGD,0
ID_eXjBzEaA,0
ID_kWIwXucT,0
ID_NHVwgyDL,0
ID_UBAruXkI,0
ID_VeNawIwH,0
ID_uMHxiGUZ,0
ID_nDUYPMaX,0
ID_uqIELyIB,0
ID_kqJXCWOO,0
ID_gKDpGZrk,0
ID_eOnqNXyl,0
ID_tvVpLlnY,0
ID_YnqyWJwW,0
ID_AqMgZROJ,0
ID_IsqiBGgv,0
ID_hJUTsnlG,0
ID_AnwOXsZO,0
ID_mWmZxSYp,0
ID_segYtVCN,0
ID_pRsVdWLg,0
ID_DbtdAaYO,0
ID_QdUEpeTg,0
ID_yPlGDYEd,0
ID_pfSSuxFH,0
ID_zIFmbqDA,0
ID_TsapaOPR,0
ID_krgJWVzk,0
ID_vjKtGZnP,0
ID_pAVCoKKO,0
ID_vRtfMkfu,0
ID_GjHPQVso,0
ID_mpEhDQow,0
ID_iHzCxTaR,0
ID_YUjTmRty,0
ID_oyDlLhYn,0
ID_rgidrytq,0
ID_nnCqnbWu,0
ID_bUOLVzCg,0
ID_cwfiWZWz,0
ID_BjeeuKcl,0
ID_tjGiqSZq,0
ID_nNeqgsby,0
ID_JhwOHHqx,0
ID_yVZYvdAA,0
ID_PvOgiKPN,0
ID_bZZqsbtG,0
ID_zeBYnOMg,0
ID_upjPVwCV,0
ID_XPPYSUNk,0
ID_lKWdksfp,0
ID_ySAHgVbo,0
ID_fQNGYShe,0
ID_MbuJbuCV,0
ID_sGodbyYa,0
ID_bHfQQltF,0
ID_htAYQEMO,0
ID_iJvLOQPb,0
ID_RYesxtNc,0
ID_OftZMxoZ,0
ID_hNdpXANC,0
ID_oOINDtgK,0
ID_FEtQNnGV,0
ID_wwWhWYSi,0
ID_JHCBylDp,0
ID_FoTXrphy,0
ID_BNoWUSYK,0
ID_kurwyjSf,0
ID_KAlgbzph,0
ID_TTWPzLWH,0
ID_GEttoqry,0
ID_pDZxRLOv,0
ID_xpSWwROO,0
ID_CuBONnDF,0
ID_CnEiawZS,0
ID_aBkXeYOx,0
ID_mhAKiWfs,0
ID_tpWdmkCA,0
ID_wwqTzIMA,0
ID_SEDSlWUj,0
ID_COnpaPbf,0
ID_NuveICkQ,0
ID_TzWYRUSO,0
ID_QEvRqisK,0
ID_WWZGwYQe,0
ID_TRvOaxLP,0
ID_qFQiCLXM,0
ID_sLKUTWaU,0
ID_jgltdzan,0
ID_jnmGCNDf,0
ID_hlJIVlEE,0
ID_bKCUglTE,0
ID_nDaoAZzL,0
ID_DclpnMCu,0
ID_hxXHAJFo,0
ID_wtxpAiMf,0
ID_uaIqNCPE,0
ID_ilRQRReD,0
ID_voSLTWOR,0
ID_lAiZeoZs,0
ID_gHSRrbVz,0
ID_dPUtfSCe,0
ID_cuQhOtzd,0
ID_VpFYAESa,0
ID_wkFUaNBa,0
ID_GUnWpFBm,0
ID_PzlJnWsh,0
ID_GoDKFzft,0
ID_TNlMlmRn,0
ID_jHrmSTOg,0
ID_otTGBbip,0
ID_neBvbrNg,0
ID_aRszcEJj,0
ID_ofKrUsrC,0
ID_ejFTjTPU,0
ID_kximPniJ,0
ID_CEGWCCBh,0
ID_zUBnOTPX,0
ID_CtWJQyPW,0
ID_HJkgaAMh,0
ID_ocpuJnnm,0
ID_NVGKdvSg,0
ID_XujzxHOT,0
ID_GosUQuya,0
ID_bkJDCBpV,0
ID_yucaXOFv,0
ID_DnFwJlvw,0
ID_JONJvGdV,0
ID_DKXeXFCt,0
ID_XNiMEPmu,0
ID_rpNODqTO,0
ID_jJPRlReN,0
ID_ZVENEzUg,0
ID_rXiaMCvY,0
ID_eFtpzcbP,0
ID_DrHjJNsX,0
ID_DowcNAWb,0
ID_LKLEsudt,0
ID_GLIAwGht,0
ID_EXdxxEtT,0
ID_XfycCYeh,0
ID_zeoACZIs,0
ID_nDTRpVdW,0
ID_GoDfogLY,0
ID_OUVYAtqT,0
ID_AsyVQMam,0
ID_ojTXvAwu,0
ID_qJsuRxWq,0
ID_SuBOEgRI,0
ID_wDgHayGq,0
ID_qsVgMqEs,0
ID_XQiVJrff,0
ID_KKJEIDcK,0
ID_jCWwzLZs,0
ID_kiLjQSTW,0
ID_mXJfREfy,0
ID_acRjaqwE,0
ID_YIkNgpjh,0
ID_SLprnjXM,0
ID_dAPpiBNi,0
ID_mwIQfPfj,0
ID_ZWuenhiY,0
ID_lMkmQOBE,0
ID_xOdSBmcr,0
ID_meRUYaVX,0
ID_PWqJJNVW,0
ID_MKWdnFpE,0
ID_teYcubbf,0
ID_nxRmsNCY,0
ID_ACYgGXTq,0
ID_MaPiYGPi,0
ID_dLYEYDHh,0
ID_wfFNxEui,0
ID_tjywEBgI,0
ID_rHIoWKNn,0
ID_DWSGuvXB,0
ID_CXVJHFmd,0
ID_ukSoaoWK,0
ID_cezSVNEl,0
ID_XZfMyUeZ,0
ID_OgmXhvax,0
ID_FicOqcwq,0
ID_lNnbMQpP,0
ID_TniANifr,0
ID_whbVJodY,0
ID_uplgPDQz,0
ID_VplVtusd,0
ID_PvCzsuKZ,0
ID_sbhjPDqq,0
ID_rAvPzzmd,0
ID_yQkiSVAK,0
ID_OHAopsLb,0
ID_xQPDOVfg,0
ID_mpacvnBR,0
ID_PZCfEgPB,0
ID_oPaYNiiL,0
ID_BhmHigWV,0
ID_lctixZjr,0
ID_fUwPtaZl,0
ID_fsASOxjS,0
ID_RWGGGEid,0
ID_idyRoOxL,0
ID_QLVQvtxx,0
ID_VOqcSZrp,0
ID_FSwzMwnb,0
ID_IfVpZAri,0
ID_dZDBHhCk,0
ID_UIUIeOCh,0
ID_wkSQEwuv,0
ID_hpsSsYYx,0
ID_oJAxVGkp,0
ID_YoWhDACx,0
ID_dvtBzUmm,0
ID_DdOHHcwO,0
ID_opZNioPz,0
ID_sNVCCafk,0
ID_AMdlvzgy,0
ID_NjIRfRSI,0
ID_IhblVulU,0
ID_jfaxqxdp,0
ID_NEcCcYXK,0
ID_eKdQhmTU,0
ID_IVjpwGIm,0
ID_cdkdBCcc,0
ID_fFoWlWSa,0
ID_glHrjOiV,0
ID_bfOgctwu,0
ID_eljREPhO,0
ID_VkNFFyiH,0
ID_dPLHxmcm,0
ID_yPxdhjKR,0
ID_YsTEUowR,0
ID_pVppYiOq,0
ID_pxyKnonX,0
ID_keXaNtGJ,0
ID_bAroJjjQ,0
ID_vhvUzZHD,0
ID_WBOlruxs,0
ID_aPArscqe,0
ID_nqCYHBMU,0
ID_rIoOCAdF,0
ID_kGbFRNsy,0
ID_NPvyfXJm,0
ID_iiqOnnyk,0
ID_COzJWvUN,0
ID_UlFjFLgn,0
ID_rmEYYnhR,0
ID_orhtMflN,0
ID_ucUAuBCL,0
ID_xqXxCRMQ,0
ID_otnwmEVU,0
ID_fTEmleCF,0
ID_EwNRBoSL,0
ID_uYtmnlBe,0
ID_bdttYDhS,0
ID_oFBTuYPZ,0
ID_YNmrrFqc,0
ID_woYVXpPs,0
ID_aIsqThcD,0
ID_UnqLVUAc,0
ID_ElgdiVha,0
ID_EoLwPXsc,0
ID_JwGcpQhO,0
ID_BDcpLnXg,0
ID_sgvMwXkb,0
ID_YtPYyMsY,0
ID_cyEuJinF,0
ID_CFOQBNZK,0
ID_MMXtjcqj,0
ID_AwncfwJm,0
ID_RyQsoKka,0
ID_bYElUCjP,0
ID_ZFFQNEVt,0
ID_fsLWGTPk,0
ID_CXUXqErb,0
ID_aZRZqNFR,0
ID_NqskPhqU,0
ID_kSSGMMOk,0
ID_PtPXByHi,0
ID_juEwYRrH,0
ID_OQnIjnmF,0
ID_FymjLkEo,0
ID_tmPnqQCM,0
ID_VfNOXyKS,0
ID_uiQimbgd,0
ID_uefezjAQ,0
ID_YJYsnVfB,0
ID_fTRjwKyI,0
ID_uJmfnxvK,0
ID_NKZTpWsJ,0
ID_ytVJpJBD,0
ID_ExhiHswb,0
ID_lyXOUGwB,0
ID_rMQNNtEv,0
ID_tVdnsfIf,0
ID_vPYoqTTC,0
ID_VleeudaN,0
ID_wgmRCUyb,0
ID_AGLORnKo,0
ID_CimrYEQJ,0
ID_TqYvljAm,0
ID_TBQhVqkU,0
ID_kzXCzLZD,0
ID_uVQtieXb,0
ID_bvlvIGAy,0
ID_zKiruhXW,0
ID_NwKPgJOr,0
ID_jnFlHSno,0
ID_iNnlilaz,0
ID_MGcAXHuG,0
ID_hZoedFAt,0
ID_edRRxRgF,0
ID_zCGeapXN,0
ID_CWtbAbko,0
ID_wcWjdwuz,0
ID_CVKgiqBQ,0
ID_chpJScZX,0
ID_meNjdpmV,0
ID_shaysuDI,0
ID_rGMJycwH,0
ID_DccdDxHA,0
ID_WzKMhSGS,0
ID_kTyRWNil,0
ID_SMbGfyMA,0
ID_MNOSudiV,0
ID_CMKQvAzT,0
ID_TEqRmTtU,0
ID_ZFNCfIvd,0
ID_mditkHth,0
ID_ajVyXPvs,0
ID_IPtmChEk,0
ID_YlOXFGEV,0
ID_ChbETfjq,0
ID_sptMIIyd,0
ID_ONqLjAIM,0
ID_hlXqJHgL,0
ID_uobEHmDB,0
ID_BzOcmcOH,0
ID_vDslDVrG,0
ID_qsiJYoei,0
ID_frqHgWMK,0
ID_mybiqZsm,0
ID_lThHIlbl,0
ID_FhkIeZzV,0
ID_WmkEiXEE,0
ID_TrJyaCVl,0
ID_MZhiclNc,0
ID_nrXttGMl,0
ID_RTWcYbQN,0
ID_yDgZFksS,0
ID_eRNVyODz,0
ID_VFjDhcdA,0
ID_YDOQdKqH,0
ID_GQelNxYh,0
ID_sVcyoweH,0
ID_oUZVPFxj,0
ID_YspgZPnj,0
ID_eWOkWhRH,0
ID_nTVcjuxc,0
ID_xpXStndr,0
ID_plgpsShn,0
ID_WiplVVyO,0
ID_wbBKNMxj,0
ID_emugEHPX,0
ID_fMufxpAA,0
ID_muKFWyLa,0
ID_ZRlqmofH,0
ID_dQeUDLaE,0
ID_FTpJgccD,0
ID_KdgfFAhf,0
ID_IbFxbBXG,0
ID_sDtGdKvv,0
ID_zdSoJXSe,0
ID_WqIiSkNM,0
ID_vhxUxcsg,0
ID_TrZSueLP,0
ID_vBLRccwm,0
ID_pRBgROUL,0
ID_KmbwuHVI,0
ID_BdUaDAhq,0
ID_thODNLkJ,0
ID_hKEdQjRK,0
ID_GplQLHsH,0
ID_ZDjtAsPS,0
ID_KoGiXvfE,0
ID_CdklsEpr,0
ID_EfXxMfnD,0
ID_JGfwzicA,0
ID_kyHMpArZ,0
ID_PZJwYFbU,0
ID_EPUBfZPy,0
ID_zZwbxVsV,0
ID_poSRluEr,0
ID_eomvRrQz,0
ID_CkRJtHQb,0
ID_bGqfEPQa,0
ID_iaswTIlk,0
ID_dfozERis,0
ID_QOjZDbgw,0
ID_bOBIQfnQ,0
ID_WASwzNPE,0
ID_qZhWzzWR,0
ID_BhSjeNFW,0
ID_kimCtTdz,0
ID_UawBrQZg,0
ID_NSqFslwg,0
ID_TVwaIbKm,0
ID_AmKeOqwC,0
ID_JoDezdxy,0
ID_pumGsZVt,0
ID_LhCXBVTe,0
ID_lAbvoCSm,0
ID_eZXSCvKs,0
ID_AZUduefW,0
ID_qdQuwDVn,0
ID_SLvZspku,0
ID_YGFnvhlE,0
ID_axVCrcIG,0
ID_lYOJMncu,0
ID_YUQyYDGY,0
ID_YdoEBvew,0
ID_cOeCmeOD,0
ID_RBtiwnuK,0
ID_prvmGFbi,0
ID_pxucSAZA,0
ID_XkSPLEwf,0
ID_lYrApqEP,0
ID_DruaVdbX,0
ID_MckeIXlN,0
ID_DPKxRead,0
ID_WJLEpOyU,0
ID_SMBycxGK,0
ID_ZXlnHGvT,0
ID_rRBjcosf,0
ID_lKaNyGns,0
ID_ccYsgkiw,0
ID_DxkIOhJg,0
ID_elNvNzMe,0
ID_xfzZCCcV,0
ID_bzDMKBfz,0
ID_LgiDWgzL,0
ID_DmOjHUmY,0
ID_AbsbljCO,0
ID_pkRXojSr,0
ID_nPZxOTyP,0
ID_hjtztvTF,0
ID_suONoPtV,0
ID_WGXuXaBV,0
ID_PBuWXaCe,0
ID_cutjNlYv,0
ID_AfDXwAiY,0
ID_JNNCoDdO,0
ID_FyeuoJks,0
ID_iKLNOGya,0
ID_fbobiReq,0
ID_ZHZCSCno,0
ID_ukQHYZIH,0
ID_ZaornJRY,0
ID_EMqpPRKH,0
ID_wCUSzmmB,0
ID_AZMWyGrb,0
ID_RcDxUzgK,0
ID_nzNntoKR,0
ID_xVSxaPVO,0
ID_CDKMUxrA,0
ID_XQDrkrMP,0
ID_fcxBCBZV,0
ID_SYvGRAJA,0
ID_NCtdzjpb,0
ID_mIgVoXLQ,0
ID_BxftiKVu,0
ID_CpGLbFVg,0
ID_oxPfwcLt,0
ID_xZpqGQiG,0
ID_BUPrUtWv,0
ID_imMTDThG,0
ID_AXtGPyfp,0
ID_YIPVPEaB,0
ID_gGOfATqd,0
ID_zXxqmzRN,0
ID_AnxgSbqy,0
ID_IjQbnhzg,0
ID_yeBAgDNz,0
ID_DsRCOavM,0
ID_rbjtGZjD,0
ID_KRzkUkyx,0
ID_sjVgqVgY,0
ID_lNsfvwKi,0
ID_YeXumreD,0
ID_kmdWmQRE,0
ID_MPmQHPIS,0
ID_ihpsrIxe,0
ID_dCwdZyNO,0
ID_AstteMjz,0
ID_anjtfowd,0
ID_REvvrvgX,0
ID_ksAPbaRX,0
ID_erFrMieZ,0
ID_QBLRPFxc,0
ID_FZxJBxwf,0
ID_wVxOLpMM,0
ID_XbAJSVcj,0
ID_MewndLJM,0
ID_cJsPdDAY,0
ID_fvTAXpeI,0
ID_YEtxjBWN,0
ID_DElxVWoW,0
ID_yDeelOHX,0
ID_BnynryPS,0
ID_BOGzjBAG,0
ID_qnflrCmB,0
ID_dvSpVnBt,0
ID_CGeGIrGA,0
ID_RYanxnpz,0
ID_qoclpNRS,0
ID_RKJdYJfn,0
ID_VSEHIkyn,0
ID_GdbZTuIL,0
ID_AhmMvwDL,0
ID_fWKisUCa,0
ID_dDKlClXG,0
ID_LHAKlovM,0
ID_vCbTZJHg,0
ID_QPwyRJeY,0
ID_Izcdcfmy,0
ID_xfIpxcjR,0
ID_ThCuIaVr,0
ID_zYSbcHgG,0
ID_vzkhDmNl,0
ID_pfCnqPUG,0
ID_MPXDBZRG,0
ID_AremVasw,0
ID_mhtXlbjR,0
ID_PIlOyOMc,0
ID_GAOOWowI,0
ID_sXHYBVKR,0
ID_rVVnRxfp,0
ID_NNEFEoaA,0
ID_OqYvrwXG,0
ID_OMKxPsGn,0
ID_ZbGGfQra,0
ID_rFqBPxkC,0
ID_sYnlwhve,0
ID_dizAFwZD,0
ID_VQFGSBQC,0
ID_hGryLHwx,0
ID_TdjbEGuv,0
ID_NvKRXcEM,0
ID_ZRkAriLW,0
ID_UUZnKUXa,0
ID_dcnKpLNG,0
ID_AYlXQvju,0
ID_wKegkKLB,0
ID_nvBLAEkf,0
ID_WstLTagy,0
ID_XOrVyVrV,0
ID_mDVWLdCi,0
ID_npZTIfAd,0
ID_pGNbvqeq,0
ID_IrJfzZGZ,0
ID_sTGxtWba,0
ID_jxycxgYw,0
ID_GLCUFzho,0
ID_mJqOsmrc,0
ID_tRTagBIW,0
ID_UQmOLTAa,0
ID_RUxrIGNg,0
ID_vHSrkkAQ,0
ID_IbohwYyn,0
ID_BTUTGAQW,0
ID_vLcvJatf,0
ID_kFQOUdEh,0
ID_lpnWexCA,0
ID_mdURMBSK,0
ID_AhvGTFgi,0
ID_gxMohzpg,0
ID_vnlhAMuY,0
ID_hxzPyxAX,0
ID_NdyuceUg,0
ID_LUXuEabt,0
ID_uuMoEgjV,0
ID_SPXVUmBR,0
ID_zhDxCrxy,0
ID_losAVKcI,0
ID_mPcEKkpv,0
ID_dLBYQQgb,0
ID_wmBziWWJ,0
ID_samBFipy,0
ID_oVsgfEKI,0
ID_CueRQjvA,0
ID_wmCsxmHL,0
ID_SvFoXQab,0
ID_VVGEzWPQ,0
ID_DnkTgusj,0
ID_vOvONYev,0
ID_oVyKnyjW,0
ID_BQOEdvzp,0
ID_uUnektqu,0
ID_tEwMwQtu,0
ID_eEQZdEMD,0
ID_SApkYZfk,0
ID_OhSAyTMF,0
ID_kdtvEuwO,0
ID_KkeSYrVJ,0
ID_rnzarfEh,0
ID_FomXfhmZ,0
ID_qcBDSEXB,0
ID_vMOzaYNK,0
ID_eeHJdfLL,0
ID_LNLShRjM,0
ID_xLgsjYNY,0
ID_IezdphDz,0
ID_cSFWYDBH,0
ID_rCDhdotE,0
ID_DhzKSFsY,0
ID_dzlLqwFH,0
ID_eeyykgKg,0
ID_BQQcNcDy,0
ID_wAjRdzhS,0
ID_aDoWavwe,0
ID_PFtcUDIp,0
ID_eFksPgLb,0
ID_HvRydIBK,0
ID_xtsDvPgX,0
ID_LVhHIuGs,0
ID_bwgidaQM,0
ID_zVHogDqN,0
ID_rtxppvsM,0
ID_TKJIwUOV,0
ID_qbmQqaCh,0
ID_rZJiRVKB,0
ID_QuIgmqDg,0
ID_znciAPaL,0
ID_NgclQACM,0
ID_YMzZuYhk,0
ID_gXwxKNDY,0
ID_VHVQVirn,0
ID_MlcTQVHA,0
ID_AozDHcfs,0
ID_yeGfyxoK,0
ID_GdBMhmQs,0
ID_uPHekJCO,0
ID_gbodICSW,0
ID_MWJhSIwz,0
ID_qhXSznJk,0
ID_evoGxCuj,0
ID_mbRTnaAx,0
ID_gccxuLDe,0
ID_FcFnQtfv,0
ID_PtlsEsKg,0
ID_lrfAXPOE,0
ID_XDNGyvLp,0
ID_ZHeHNJYf,0
ID_oIeloPku,0
ID_yJVVPWel,0
ID_caucPUlg,0
ID_luhiBxbJ,0
ID_TclkdvGz,0
ID_htXZjbLS,0
ID_fkIUqHKs,0
ID_mUsdnmfs,0
ID_iMQnNUBQ,0
ID_KbwBhmbV,0
ID_oWrZPDSt,0
ID_tomJKPin,0
ID_TobOyyfU,0
ID_houwwgKK,0
ID_EQdSvljX,0
ID_OmZjjcII,0
ID_CtiBtaxn,0
ID_VFxoNOJV,0
ID_mJturZOp,0
ID_BLzLdayh,0
ID_fCccGGZY,0
ID_VKygvhOX,0
ID_ajVHRjZp,0
ID_OpSpdkAH,0
ID_YVswdlLT,0
ID_gCQmIarB,0
ID_fZvAYhqp,0
ID_TJQNFFym,0
ID_JSQbwNuW,0
ID_yVEwxDGi,0
ID_jZCbCMKO,0
ID_XsqUdFde,0
ID_bfaFayao,0
ID_jvCjwNWT,0
ID_zzxMHWjm,0
ID_xrmcTELH,0
ID_wmfnhCUZ,0
ID_VAiAgwgD,0
ID_hAMmqkAh,0
ID_pPKlJNmC,0
ID_MFcfwdXM,0
ID_btXOrCsM,0
ID_VBtoKbZJ,0
ID_ffdLLWOq,0
ID_mCUZEDND,0
ID_EsAsDysr,0
ID_yGwgFqbg,0
ID_jMdgTTom,0
ID_zIHwjqJe,0
ID_KFzLhsni,0
ID_UEoPYnej,0
ID_VGzvgUSn,0
ID_bGdOmitK,0
ID_ZKJJwlMe,0
ID_tROwqXMF,0
ID_lywakGgF,0
ID_tQCRNIxU,0
ID_AHycIkQv,0
ID_nPEBDufK,0
ID_nrxUfVUi,0
ID_ZiqIxPGw,0
ID_ULGKuByp,0
ID_iiJoYJzu,0
ID_xslQOjjD,0
ID_CwRHBgqC,0
ID_evSRuokY,0
ID_ylMiwVvu,0
ID_uZAdUhpk,0
ID_dXuMnkBD,0
ID_qzZSzQUZ,0
ID_lfgRQIHF,0
ID_rgdDRwxN,0
ID_jQzxvgtt,0
ID_NCdMHvSe,0
ID_xPKPqjja,0
ID_rbdXzdgx,0
ID_WcQvyYkt,0
ID_rvhjWMgS,0
ID_bbZkdJco,0
ID_XiSiZTwQ,0
ID_eHlLLSVQ,0
ID_cPiWYSBH,0
ID_cuvCSrVS,0
ID_bJuwUprP,0
ID_LDIzjYvu,0
ID_HCzlEHfh,0
ID_ZuhpWsdx,0
ID_DVWNYayu,0
ID_UKHogXwY,0
ID_RuWITaEq,0
ID_EXmsINlH,0
ID_lRRLOhjS,0
ID_yJxcIaQq,0
ID_zaUVMKcF,0
ID_PAxcGZhT,0
ID_MaOHTumM,0
ID_jsCvCPRn,0
ID_NRWwxdxg,0
ID_XuNFIjcf,0
ID_DeOhDEWB,0
ID_FHmUNYox,0
ID_tvQGLiEM,0
ID_gWQolWOH,0
ID_WTjnGIix,0
ID_KLDEpXxr,0
ID_apmCgWPM,0
ID_SyWRAWRM,0
ID_KwelEgBI,0
ID_dSIQUkdR,0
ID_vFYiOatf,0
ID_qiHXpDkf,0
ID_rzuOMAPp,0
ID_drqdOBLq,0
ID_RlcnBYpd,0
ID_QbPXtSqv,0
ID_WYuQDDau,0
ID_ivLWxOZP,0
ID_hOJsQkNI,0
ID_SQpeSBPo,0
ID_dENiPfrL,0
ID_wzDDTTrk,0
ID_mQExThjR,0
ID_BFLPJHIm,0
ID_mwVQwjjQ,0
ID_JNNFPrTf,0
ID_KfTjiLhs,0
ID_JdzXCXDu,0
ID_luuVEChh,0
ID_XsQnTwtG,0
ID_eKQLYNxY,0
ID_CvgTCXRl,0
ID_JhnpGoKl,0
ID_lKaoURCT,0
ID_pFOlTWmN,0
ID_hosTmWfJ,0
ID_DctWsYxn,0
ID_pYroWSxM,0
ID_EEnFZMEA,0
ID_yScteRgG,0
ID_OccUGPIo,0
ID_XWCRlQYP,0
ID_QwWCfQVI,0
ID_rfMpArdk,0
ID_LHKDCqyo,0
ID_VUPQizwi,0
ID_PTfwBkQx,0
ID_FLivJwov,0
ID_nDAnOqdv,0
ID_uykpwNnf,0
ID_ohOmZrPr,0
ID_yCLgTsBq,0
ID_swPMmkiv,0
ID_ReWlRWHR,0
ID_ezCFeUkn,0
ID_aMcMDeHT,0
ID_lFGYzFSV,0
ID_yoICsFea,0
ID_fDzDNCWj,0
ID_hpvOjMKX,0
ID_jdJwKQxL,0
ID_CfPRIbCV,0
ID_xXQvcvVB,0
ID_dxxEQlre,0
ID_XIocrMEQ,0
ID_RTuvagmX,0
ID_BFNWRufz,0
ID_QrLCbqgR,0
ID_NubUCfQT,0
ID_eItmhrKb,0
ID_adHTCdJD,0
ID_IJwdonvU,0
ID_DpRPYGfp,0
ID_bmzNZgDB,0
ID_ppUvtQix,0
ID_XiBvdSjB,0
ID_rCUzKfQv,0
ID_cGCcJsZj,0
ID_kgDtIVyp,0
ID_zPClKpwg,0
ID_FhnKtXBZ,0
ID_czXMIlCd,0
ID_KspgjYSm,0
ID_lpZqTtDb,0
ID_ysKuJtOc,0
ID_thddWIcr,0
ID_hDojRqDD,0
ID_NljjSJpS,0
ID_yrqZNqqy,0
ID_FyzTvwvt,0
ID_vIXiuwBF,0
ID_ZGMHJkZc,0
ID_skoEEVjr,0
ID_ZwGtPJbI,0
ID_YAoMRidF,0
ID_NMAIJYMm,0
ID_AppxVoEe,0
ID_zcfOPDcF,0
ID_gibkHuqz,0
ID_uTMCsyzr,0
ID_XRfBnfum,0
ID_fkzZMfJZ,0
ID_VZFyLLdP,0
ID_TuCNsJIX,0
ID_ISAqrhnJ,0
ID_EKgUTxlx,0
ID_tXSdzsFD,0
ID_bxDGoQXh,0
ID_XlcLJwrn,0
ID_WnCsIzPt,0
ID_hfcsZkFf,0
ID_RNSTfVsq,0
ID_iRKZwlbF,0
ID_wdntiZHM,0
ID_FLSxitfQ,0
ID_earzzuec,0
ID_IonhicVZ,0
ID_PpABICEg,0
ID_uxgAtDzl,0
ID_bZLmKyiP,0
ID_iiljZDTt,0
ID_yXAMnKeb,0
ID_WbDfupTW,0
ID_THaHhWNk,0
ID_NTVmSPKi,0
ID_KLeRpovk,0
ID_SIdPOWUG,0
ID_UIwQRdVp,0
ID_nxnntGwQ,0
ID_rfTGLgXz,0
ID_LGbSNLAd,0
ID_buFJMfYZ,0
ID_VRHSvkDu,0
ID_VwPQnzlf,0
ID_LbYksypr,0
ID_TpmzhNUF,0
ID_nEWOhvGO,0
ID_iVzKAbLx,0
ID_svyRHpSN,0
ID_vsWMDDHt,0
ID_NPAFeuBQ,0
ID_eISwNQur,0
ID_lcxYUrTF,0
ID_DjSFXHhs,0
ID_lgEsFmAD,0
ID_LdoPPdMY,0
ID_viIRMiXX,0
ID_bjgkctVM,0
ID_GvQGONWx,0
ID_lDHtsrBl,0
ID_GRKiSfpK,0
ID_VhPgBJKC,0
ID_rkWIRHwC,0
ID_KenKERiq,0
ID_ldTvyMAv,0
ID_qLFhDyQS,0
ID_fFRqhOZx,0
ID_NXyzfQhP,0
ID_cBAXllMR,0
ID_DQMAbnEl,0
ID_jsXmgBEF,0
ID_YZaJvpLB,0
ID_bAqnkvzX,0
ID_RxaxSAja,0
ID_sCgcLIOn,0
ID_keCiapZi,0
ID_HTlAQRId,0
ID_WELgWZTO,0
ID_RfgKFdYi,0
ID_GScmJnao,0
ID_osEZXCgx,0
ID_FDceEyhB,0
ID_GjyJhPix,0
ID_zvPxtgie,0
ID_AYJIjbgn,0
ID_PZIzTKof,0
ID_RwTLEnbC,0
ID_AtnpKXMg,0
ID_UWGfWmYT,0
ID_kKWmtajw,0
ID_OGqyiMZw,0
ID_TgGYMsoK,0
ID_RErZGXbK,0
ID_jviMnxXe,0
ID_xrUbqfBK,0
ID_egRbAOnC,0
ID_pkVoEXud,0
ID_naYXHmlc,0
ID_kauRTMhf,0
ID_iagIZUrb,0
ID_uIkQdvsF,0
ID_lrPaxmoE,0
ID_IRmcUVHi,0
ID_DosispBi,0
ID_nzjXMiNZ,0
ID_VdSTkwIO,0
ID_BLJExqMI,0
ID_wOIPcwxg,0
ID_CzSGZyfK,0
ID_sMeSqWKl,0
ID_AQwCrnrp,0
ID_wvJgyFfN,0
ID_nYVsRFuX,0
ID_cNxNKQEq,0
ID_yppiLEWv,0
ID_BnvmSNII,0
ID_SyHTBRFZ,0
ID_ZuZdmbNB,0
ID_BeSXKNjg,0
ID_DrWLLQDr,0
ID_PuMFypii,0
ID_QCphELHP,0
ID_hDcTlvKK,0
ID_nHXYfIiV,0
ID_uHzihLzT,0
ID_vZmmnYJG,0
ID_xPLZvSmq,0
ID_zbYqcwno,0
ID_STkYorSI,0
ID_ebTknGXZ,0
ID_bVCsjYJH,0
ID_mGRppSlu,0
ID_vrnZBQAu,0
ID_dYBDLUKs,0
ID_thzIFMaJ,0
ID_kPMCBGrR,0
ID_jmYdGGHS,0
ID_TVmggFeS,0
ID_MLNkQJmP,0
ID_YaKJoDjI,0
ID_NigDptJc,0
ID_qFeUvFuQ,0
ID_iDNyrMlY,0
ID_SpSNzGgH,0
ID_AvNICFTe,0
ID_HRbSrUgQ,0
ID_OzJhAOoi,0
ID_guzGLEGl,0
ID_giUNvlDq,0
ID_kmmjckSA,0
ID_IDZdDZcv,0
ID_mIanoZpR,0
ID_ZilPQNve,0
ID_DOcpIIhM,0
ID_WTPxrENW,0
ID_UKbjmzsn,0
ID_NpNzaShU,0
ID_yfvRLANO,0
ID_JdaqvdBu,0
ID_TogUNSfo,0
ID_iUVrNGCO,0
ID_RyjbpYYt,0
ID_PwmtYnkl,0
ID_gwsPSowV,0
ID_YbxXlqmh,0
ID_ExYUHrmU,0
ID_aMBvObAg,0
ID_KuueznuW,0
ID_BMweNpgN,0
ID_RdyJGZuA,0
ID_bPtOwsLy,0
ID_PGUvKlKl,0
ID_GhmTIXQm,0
ID_PQyoUwFL,0
ID_jeQyvSUP,0
ID_CkodDNJA,0
ID_StewOeIi,0
ID_VuLCXQjW,0
ID_tRKSxGTp,0
ID_cRVsCviI,0
ID_LvUVsuqT,0
ID_fEjhlfbK,0
ID_xUNoPTke,0
ID_MfIFhXhu,0
ID_KxoSDFWj,0
ID_BaZEyWbF,0
ID_lsfsuTRL,0
ID_PEKnkGYZ,0
ID_OAcySdBP,0
ID_wFkNdvlK,0
ID_WrxxWAAs,0
ID_EgZqDzXv,0
ID_pubfdRHF,0
ID_dxynnhyd,0
ID_JkSyvLoE,0
ID_tiutlrpN,0
ID_YIaxepqL,0
ID_rDOjMwUk,0
ID_BhieLZWr,0
ID_cLNbtQRg,0
ID_WunwvFma,0
ID_QdXaLirV,0
ID_FlEBOJfU,0
ID_jziWNGFr,0
ID_JigUmjAS,0
ID_HCwzIzzv,0
ID_LTIpRqWS,0
ID_VhPplYDH,0
ID_lzXLVvVi,0
ID_VsJVoFVm,0
ID_sVZEvFhl,0
ID_ShLpKsxe,0
ID_CMrfCzak,0
ID_MHSHFHaU,0
ID_usHjUrSk,0
ID_WsdZrLkH,0
ID_matUqkNe,0
ID_moLrNDca,0
ID_yWcDCOYG,0
ID_aIjXZUrX,0
ID_ocPHhovL,0
ID_EKptjKhM,0
ID_ufQcuiZU,0
ID_AjgngrRb,0
ID_gyoUowkM,0
ID_TapXQpjc,0
ID_gpexnuqg,0
ID_qInRVUvw,0
ID_ICmalYZu,0
ID_YxYWsSkF,0
ID_XcVQPwpH,0
ID_LIAmzplC,0
ID_ksTiSIaZ,0
ID_nigOePQF,0
ID_UMsYpUYS,0
ID_NbOfgMnM,0
ID_jpKwYLth,0
ID_ocIfLwPQ,0
ID_KBrzLFci,0
ID_oqrkbwgn,0
ID_oKrztAaW,0
ID_mQYFMOcn,0
ID_GaTVexKI,0
ID_KZoHvJKp,0
ID_TefjdcYN,0
ID_LfqmKTxd,0
ID_GbSbgiZg,0
ID_vmZTHtVA,0
ID_sFWAZYsS,0
ID_XKZCJYjg,0
ID_pUDQJiAX,0
ID_oXwKaJxM,0
ID_rQxiCyUt,0
ID_eSkpYhvb,0
ID_XHQuTXTC,0
ID_KrGOCmpL,0
ID_qBVqqqLQ,0
ID_paeJLHzE,0
ID_mSwZYNPH,0
ID_JnpmEPLw,0
ID_LUkHKmGq,0
ID_FwtUDWua,0
ID_AxfJSNgr,0
ID_JwvBVqbK,0
ID_RYWZpLsm,0
ID_mywJjDZa,0
ID_aQINFSRm,0
ID_SUVPbvQe,0
ID_jYSBdGer,0
ID_sjrdOomL,0
ID_LNXfVmsv,0
ID_qROOpeAI,0
ID_jjlzkYbI,0
ID_oNQZEhxQ,0
ID_oRKOFEoE,0
ID_ZOZMrVBP,0
ID_RcRzrbnL,0
ID_MXLBeSwN,0
ID_ANDzizYb,0
ID_akAsQKLN,0
ID_MBKemDye,0
ID_ykODHwHA,0
ID_ojamLxxE,0
ID_akRvgfoq,0
ID_grgOsyMN,0
ID_QYaornlz,0
ID_VBGfHrkL,0
ID_YdSMEkZJ,0
ID_hoNlNAJI,0
ID_kuJSGCdZ,0
ID_mEnvPzXH,0
ID_AcOjEIui,0
ID_ETFpSpct,0
ID_fWKWheKq,0
ID_nyUAYbQV,0
ID_OZrgtavT,0
ID_YYpkjtCg,0
ID_cKzZKwlC,0
ID_DVkqKXln,0
ID_jsgSzCQG,0
ID_LwJnJIue,0
ID_AtjyXIUm,0
ID_bLBpNGiC,0
ID_YnVAvlkv,0
ID_TJDcypHU,0
ID_KvdnwMBM,0
ID_SaFYZWnG,0
ID_VnTXfxYz,0
ID_aRBUCFkr,0
ID_AVFEWNTE,0
ID_OmSAFlFM,0
ID_OKbVrLum,0
ID_fuWItMLh,0
ID_VsLkNeyJ,0
ID_ZzIOAJlC,0
ID_zmsfvpWx,0
ID_DnQxUUsI,0
ID_zVDvnlTl,0
ID_mdqjyEOP,0
ID_MhXXfkts,0
ID_VDrsDCcd,0
ID_oRLECycP,0
ID_lPoJIhqC,0
ID_SqwzGOeI,0
ID_bfFhBnsT,0
ID_JJNgycCG,0
ID_WNqJytWI,0
ID_trBMvSHe,0
ID_PwGXjdeR,0
ID_SwSgwoSq,0
ID_maKJwOzD,0
ID_VJSIoZha,0
ID_YYwMGblF,0
ID_GmcUMDxi,0
ID_rNCQORzp,0
ID_hcEfphzv,0
ID_NzZigWbG,0
ID_flAgMZhs,0
ID_SzDBIPnC,0
ID_zPQTocRW,0
ID_WkrkLCPR,0
ID_hpDIqXqU,0
ID_aDWFbhna,0
ID_wFeuGDqZ,0
ID_QAnTyVxC,0
ID_eIerftyJ,0
ID_uikiLGSv,0
ID_glkxdqNC,0
ID_SbXEorPj,0
ID_cZiVfyXe,0
ID_UinZnlND,0
ID_dtlenhBv,0
ID_oCPRaoeG,0
ID_TMSEusLy,0
ID_uGFNrCaq,0
ID_usnuxvZo,0
ID_iuccyRzU,0
ID_DRBxHKxx,0
ID_FmTCLBud,0
ID_JjDAZvoC,0
ID_KIuSjqTz,0
ID_mDXXTYsG,0
ID_CioHiNmj,0
ID_AAAAhgRX,0
ID_fRvwESSK,0
ID_IlmnjmMw,0
ID_KNhPQdwX,0
ID_VXLvEQOV,0
ID_bbsLLGIE,0
ID_RtEGCbsN,0
ID_GcsrhXXd,0
ID_rSOxQZZb,0
ID_RipTxRik,0
ID_pDSIKNPO,0
ID_YFgGxiKy,0
ID_zHldsESl,0
ID_TFIHSJiH,0
ID_uWfWBOzZ,0
ID_FZFjHBQf,0
ID_bsovPDYG,0
ID_xIcyPlXO,0
ID_GHWEeLEA,0
ID_NqAgcvJp,0
ID_WExOqsbe,0
ID_qfSLcWcQ,0
ID_OcubiCJo,0
ID_NHnbmMch,0
ID_oaHskthV,0
ID_mfqSEYyB,0
ID_XhVADBAU,0
ID_QrSFIxNd,0
ID_KnhCtCOO,0
ID_NmYqTXZw,0
ID_ToteiPGn,0
ID_zCgqDyLK,0
ID_vBkfGvRL,0
ID_KlMxBvTD,0
ID_YVueocaA,0
ID_JAZuglKB,0
ID_kyUHqQRU,0
ID_TGhsdVls,0
ID_FbeMggPb,0
ID_YtSWzlfq,0
ID_TxiCuuMr,0
ID_WdBgepqZ,0
ID_fYzkAiPg,0
ID_ozPToExB,0
ID_yaMdCHOL,0
ID_RouegmpB,0
ID_RQQqwOEG,0
ID_bhKnLTiB,0
ID_rTMzepDU,0
ID_SGdyoZHU,0
ID_CvukOriD,0
ID_PcTxHXQf,0
ID_yvhCGkdH,0
ID_hEDbIvPG,0
ID_jRTZqwBL,0
ID_zXQCvGzh,0
ID_muZbSPqM,0
ID_HPdPRNfG,0
ID_vfCkiAFU,0
ID_qcLrNAaz,0
ID_QahkgIqw,0
ID_ZbMzgNRI,0
ID_ypvwPmPR,0
ID_rFJiFTEC,0
ID_OVRPckMF,0
ID_hkXkxiCa,0
ID_WGTERZVm,0
ID_tCrvoUAS,0
ID_FFXOPNIf,0
ID_NhyFxHbk,0
ID_JXTLrwSL,0
ID_YJuvwGJB,0
ID_QsxhWjkU,0
ID_XJWuKSZk,0
ID_CMbAyjCY,0
ID_tQWPOPws,0
ID_aVDczUWe,0
ID_RjKIvbjK,0
ID_IIaSRvEp,0
ID_ubjBBWSf,0
ID_OKGnUcwC,0
ID_GnCNpRMK,0
ID_AXnfnPGR,0
ID_iwKkrJDT,0
ID_EsuPEhzv,0
ID_qUbPFtXf,0
ID_hPiAWakf,0
ID_AaQHCbOD,0
ID_NyNOAZpR,0
ID_vdzeBjUe,0
ID_rNuyvHiQ,0
ID_anWvfpvy,0
ID_gJpHvFQa,0
ID_pEOGPSVc,0
ID_shsqKStE,0
ID_uKUhakLR,0
ID_sSgorYVO,0
ID_UKbZubwD,0
ID_AbYiEARK,0
ID_kjDNOsQC,0
ID_JGrqrTOI,0
ID_OLIIkkMK,0
ID_SjzPdnjz,0
ID_ppCGIxIT,0
ID_pPHHztSK,0
ID_bDvEYbmg,0
ID_tYKTzNxW,0
ID_aKAqavlv,0
ID_ECSjPxZV,0
ID_WpRDXWLv,0
ID_JwPrhVui,0
ID_iRcdYxJY,0
ID_lIyXDkMr,0
ID_SzYbEtal,0
ID_dSSRQLZq,0
ID_KpVQBygF,0
ID_UTXsQrhA,0
ID_aVxfAVHP,0
ID_ORjecyKn,0
ID_TFASZzmB,0
ID_ietqwGuh,0
ID_ypeRJivd,0
ID_rXBnRStb,0
ID_luKvKLbq,0
ID_xoTuySKF,0
ID_JreedXLH,0
ID_YqpGPfIp,0
ID_ExGLaBHJ,0
ID_fnOQxuFe,0
ID_tqRrUDff,0
ID_NEbJBWFa,0
ID_mmjJtmph,0
ID_odzpQUCK,0
ID_EHvaScnF,0
ID_yDwkLyee,0
ID_lotLKfji,0
ID_sfoIszsf,0
ID_SBPaMGmp,0
ID_ixKprChL,0
ID_GtvKNAet,0
ID_DUdzDJMK,0
ID_vAlKoNCz,0
ID_KoCQDBdK,0
ID_nXzUlkxj,0
ID_CJujaSMN,0
ID_kOrMysNf,0
ID_URKqQZip,0
ID_qRldPqBh,0
ID_KpFYvPjV,0
ID_TGtJAXRS,0
ID_SIpzJxDD,0
ID_SkVUlsRw,0
ID_ziDuRQdB,0
ID_GmZgidaH,0
ID_ZhKEBgDz,0
ID_fkgpGFzX,0
ID_CRXGxFsz,0
ID_JGcpcvkw,0
ID_YbDbgHUJ,0
ID_bTerxalN,0
ID_BwkBnbdS,0
ID_NVqYErSQ,0
ID_ttzILgdb,0
ID_OSwfuZob,0
ID_uuJrfhGU,0
ID_QOoPInhJ,0
ID_LcqESexo,0
ID_kwbYatIC,0
ID_bKefHdKC,0
ID_JUzoZQtW,0
ID_noJJRSAS,0
ID_AMfxUgMZ,0
ID_KYTPiCZJ,0
ID_SDZYIOzf,0
ID_dGExGGGP,0
ID_NRlcIPhO,0
ID_AaJqECwu,0
ID_dWgbxifi,0
ID_ghHYbuzg,0
ID_mdJSALji,0
ID_FFxqnNKV,0
ID_FSRJaNNu,0
ID_xoilQClt,0
ID_UesfMUEL,0
ID_NBHWdYVc,0
ID_qGcKkhgT,0
ID_xxmFYxHi,0
ID_HmawaOWU,0
ID_aPkcGPzc,0
ID_AaEepkfV,0
ID_lWhIuhBv,0
ID_EuDXmEqM,0
ID_gZVsEoAy,0
ID_OrhMMcHI,0
ID_ihZeVzNB,0
ID_eNPFxgAe,0
ID_JRknXYiK,0
ID_CJxDgOtj,0
ID_xhSrjmRO,0
ID_TMHXPDNU,0
ID_gnFaKmFd,0
ID_BXWTfaYc,0
ID_rQVVXNSm,0
ID_uwAytwQf,0
ID_XnhfjIgY,0
ID_UqvMXxlY,0
ID_JjwaJAwj,0
ID_vpHwCSLc,0
ID_RAKFDach,0
ID_ywfuCLzR,0
ID_VCSjFnfj,0
ID_QuFlBfCL,0
ID_TjYSkEMg,0
ID_jBmrMfec,0
ID_HzAdHIXD,0
ID_kbOgoLLK,0
ID_WWygFCaS,0
ID_EaKlpXAf,0
ID_bUNGLQgd,0
ID_SedtDCpa,0
ID_hcmAxEAx,0
ID_AxiXhOXF,0
ID_kEXyZttc,0
ID_rrWMHCIX,0
ID_NYgywQbO,0
ID_NhWDSZLI,0
ID_EUeFnXuo,0
ID_GbcXroJV,0
ID_WlGKdGNc,0
ID_bdvOtPjF,0
ID_XCuOLkiV,0
ID_YfBaBtOu,0
ID_MktYqCHe,0
ID_IYOoJztC,0
ID_FEhpyuAl,0
ID_GYUDFrOJ,0
ID_OxsOhRcz,0
ID_MRnPwPYz,0
ID_pdQLKtsA,0
ID_HfKRyQYX,0
ID_jzwhocOs,0
ID_qxwkjcKZ,0
ID_liqJmEAB,0
ID_QByROGoH,0
ID_LbJZBTtH,0
ID_wSekbHqK,0
ID_hGayQTJn,0
ID_LkIKgAtk,0
ID_hTOQHJlC,0
ID_OxtCnoLB,0
ID_etkbnpOB,0
ID_hWIkQyRb,0
ID_SDsrrHnj,0
ID_LmZPaZtl,0
ID_IzTeeGAJ,0
ID_ejHqsdmd,0
ID_zumJVFML,0
ID_xLrNolLM,0
ID_lezkIlCN,0
ID_URpkFyeV,0
ID_zerSalTJ,0
ID_aEhmnVSK,0
ID_KniudeRh,0
ID_nDbgSRCK,0
ID_lXAwBBjf,0
ID_pWwudyaj,0
ID_PPvrHcie,0
ID_ukvUZaIU,0
ID_VGEzrHwD,0
ID_zCTVbmad,0
ID_zpsmoBho,0
ID_ceIEwoIl,0
ID_KUwjFNsJ,0
ID_GnNmHCFU,0
ID_cikEEMjn,0
ID_CIkKMqDJ,0
ID_sOPskqLd,0
ID_yAQtBnPd,0
ID_ghicQfYJ,0
ID_CUDZqPRK,0
ID_rlvtWHKF,0
ID_avRBvZbC,0
ID_cYSKXzDD,0
ID_oNUMiqIX,0
ID_bjyRxhwC,0
ID_fydQOtfz,0
ID_escMJZRr,0
ID_WqktcKBy,0
ID_aDngWUtv,0
ID_zpJLHXol,0
ID_votLzsSf,0
ID_rmyvJVsf,0
ID_MlECOrSo,0
ID_BQKGlaBW,0
ID_IufLPxmm,0
ID_fQLRoxeb,0
ID_yZchcOop,0
ID_kQpwdgBh,0
ID_HxFJcvOc,0
ID_ZRCZSiVr,0
ID_fFrXgnza,0
ID_RbkQHXrk,0
ID_SGTxnGta,0
ID_TFKTFRfC,0
ID_gxLQaxeK,0
ID_YpPLdVPZ,0
ID_vTSFQWKZ,0
ID_UoLzDfba,0
ID_WzHnJypL,0
ID_EuaVbIuI,0
ID_stxtqapv,0
ID_fGqinPMG,0
ID_ygSkirOr,0
ID_OHiwRrpl,0
ID_XTuKzwby,0
ID_iQxswETF,0
ID_ihIWbDON,0
ID_TlJGkmTF,0
ID_QGvkVgha,0
ID_dwWskxde,0
ID_eEYFlDIl,0
ID_bVnwocXz,0
ID_qMotRxwC,0
ID_szftfLzP,0
ID_ssvOacOg,0
ID_yalBnArB,0
ID_mNPwMGDY,0
ID_FMEljhVk,0
ID_wrrDFaiq,0
ID_HQWbIOQQ,0
ID_ERKLPgXt,0
ID_WOrmmCxp,0
ID_SKCCEJfx,0
ID_JaKiVYMa,0
ID_eMIJZgVH,0
ID_TcAcGrjK,0
ID_WSeDwsRe,0
ID_itVOtDgO,0
ID_YncwFEhW,0
ID_gITQlozC,0
ID_DgFDQgii,0
ID_CmWncYys,0
ID_gWZNxWpH,0
ID_LHzdJzCp,0
ID_rakXxaVD,0
ID_YmbeZYjR,0
ID_nCfGqXDf,0
ID_uatPDXYw,0
ID_MmfJbqlw,0
ID_pnlUeyJw,0
ID_hweAHLRa,0
ID_SsiALaNK,0
ID_kMEmDxeN,0
ID_qWjEtjeE,0
ID_hEmsWdhX,0
ID_oGFTFwlV,0
ID_pxBDWFcs,0
ID_kJaxPYGM,0
ID_JzhWxuzQ,0
ID_AOewtrgx,0
ID_DAbhvcJP,0
ID_EZSUDryk,0
ID_QzRETsWm,0
ID_uimnUqAn,0
ID_EjVawwPL,0
ID_FDhVgMbP,0
ID_ipwPqcgs,0
ID_CwEypaBg,0
ID_pxjjMTWi,0
ID_QaXgdeQX,0
ID_WlEBfhkD,0
ID_eXOTrQkS,0
ID_LWHbPguN,0
ID_aBeoDuNI,0
ID_pZOAiyKZ,0
ID_kebazZxO,0
ID_xlaoiJvl,0
ID_LfdGATMk,0
ID_CYQrvYuq,0
ID_qvMIRTfW,0
ID_KVnIRlPw,0
ID_iSSLNArD,0
ID_WZTjxkPt,0
ID_RwPraGui,0
ID_XOFSZPwE,0
ID_ZkqOCOGj,0
ID_tuLDUUaI,0
ID_wUIjKRDl,0
ID_SYDJpGRN,0
ID_nPSVlHCP,0
ID_WWSrIxdV,0
ID_udegbtMA,0
ID_GOXfzNVN,0
ID_HkdEFhgS,0
ID_fRRgXmvy,0
ID_GJJmePUz,0
ID_aMDRIAfD,0
ID_mPQqReGu,0
ID_sDUJnjAw,0
ID_ozhbZaWC,0
ID_xjUtdgNq,0
ID_LNPLsFQD,0
ID_drZqzMCI,0
ID_krOckXQH,0
ID_VwqHanPP,0
ID_rARTrtzA,0
ID_kIENbqOd,0
ID_rfllXZtF,0
ID_ZetIhHTW,0
ID_ApWMaHjF,0
ID_PaAMWiQb,0
ID_baGCWqWF,0
ID_RjvDiyLL,0
ID_TEADpwDr,0
ID_vqRpjHyv,0
ID_ujQdKRWC,0
ID_PTsORBOu,0
ID_wDFOozpf,0
ID_eKEDXNHy,0
ID_yBCZPsni,0
ID_AHBSoUNL,0
ID_nIDPhTEl,0
ID_vMfNawan,0
ID_ZJJOvWEZ,0
ID_YEiyTcvT,0
ID_xhqDeShx,0
ID_TUUyXkbO,0
ID_WBAFbgmQ,0
ID_LERGVLRq,0
ID_xaoXPJDR,0
ID_nIbKxCNz,0
ID_lPiCqueI,0
ID_hmZeWdfp,0
ID_LOTQawRR,0
ID_FzzRNrdA,0
ID_JKKZNurC,0
ID_KsrFBRCH,0
ID_RxyfgBxp,0
ID_hFkkZlxd,0
ID_oDlGlGmT,0
ID_wJQiNZUv,0
ID_FJVZjtUY,0
ID_QzTabKoO,0
ID_gCwxejJo,0
ID_bcOyBtZz,0
ID_XsDgglqU,0
ID_XoPIWTcf,0
ID_aIqvjtgh,0
ID_cRWsUcPm,0
ID_vpvmFaxw,0
ID_ZLzrnZDW,0
ID_mZIMvjZG,0
ID_gNLQAoFo,0
ID_CtNSBLwk,0
ID_LdoOBReO,0
ID_dMNjadFW,0
ID_TGrJBpbP,0
ID_QkuktuWR,0
ID_JnWQHmiz,0
ID_CoxNBwDt,0
ID_tDHmfuhn,0
ID_EQxTmooS,0
ID_LvzbOTHt,0
ID_rzJsuCLF,0
ID_qiWhBadJ,0
ID_KJCDqgkw,0
ID_xiXZSOKp,0
ID_PBensLNg,0
ID_AKCDXnlk,0
ID_vUXNaaQo,0
ID_eEIYrUlb,0
ID_YIxoglJi,0
ID_MmrwYxGv,0
ID_wkCSyUuU,0
ID_njYjOkoj,0
ID_chkxYWED,0
ID_akwUHfOM,0
ID_UbwaPanD,0
ID_ergNsZSs,0
ID_KlcIoDvA,0
ID_YmvcaZcb,0
ID_OjcRufRB,0
ID_dkTaeWlb,0
ID_UGbDhqit,0
ID_SZNykMGO,0
ID_SAVbLQJT,0
ID_gmoNiLUN,0
ID_AfjWtTQP,0
ID_GytiiVlw,0
ID_vkYFeRZQ,0
ID_XtJGyKfT,0
ID_NWrBEQxo,0
ID_MsLbtZjc,0
ID_oEzdJVMu,0
ID_ZpcUAMny,0
ID_sBnQRmwm,0
ID_oHebYXkg,0
ID_QHXpKqss,0
ID_fyKTLZJZ,0
ID_aDfWIDIO,0
ID_jpjpHiws,0
ID_fcKoXoFp,0
ID_LVeyCARh,0
ID_ZyBLpAJF,0
ID_HLZoGIUt,0
ID_mhOagXjN,0
ID_zfXnARTL,0
ID_xTxVivND,0
ID_qRGngzfd,0
ID_gEIlLVYd,0
ID_qLFOvuDJ,0
ID_JQfJQBXj,0
ID_RnecVBhb,0
ID_FfdfoLvk,0
ID_agbkEsCH,0
ID_ERZdAFtk,0
ID_OjsULOYC,0
ID_cTVwdrxV,0
ID_KPPLGheN,0
ID_ZRCrkNEz,0
ID_QfTHUcwV,0
ID_mqKwfugf,0
ID_gZvwfeHB,0
ID_VFRNmFCe,0
ID_oHRPtUBW,0
ID_lJvSXMch,0
ID_aHGoRSmE,0
ID_qPNeKJcg,0
ID_CjPuXxiX,0
ID_HYrYyNUY,0
ID_UxENMpGf,0
ID_KrkAZsRc,0
ID_seHwMkOf,0
ID_XYwXEATs,0
ID_DPHCMYPN,0
ID_sipexjrL,0
ID_AksrIldF,0
ID_kYHDzEyV,0
ID_jPmHcskI,0
ID_EvUsWNLC,0
ID_HSYMcFFF,0
ID_nGHIMchH,0
ID_ycLCKONp,0
ID_eZYvSNzo,0
ID_drSArUuA,0
ID_FiWDLqpx,0
ID_VteaEwoj,0
ID_UMuGUIzJ,0
ID_hldOkEit,0
ID_HjmyZJYW,0
ID_lIDuWtUq,0
ID_YTCSfqDE,0
ID_CORmGxIF,0
ID_OHPCkpIT,0
ID_bCRhPgRh,0
